Name,Field(s),Date,Notes,Tags
Anvita Abbi,"Linguist, scholar",,"Indian linguist, scholar",Cognitive Science
Barbara Abbott,Linguist,,American linguist,Cognitive Science
Evangelia Adamou,Linguist,,Contact linguist and specialist in endangered languages,Cognitive Science
Alexandra Aikhenvald,Linguist,,Linguist,Cognitive Science
Judith Aissen,Linguist,,Linguist and Mayan specialist,Cognitive Science
Jean Aitchison,"Linguist, Writer",,Linguist and writer,Cognitive Science
Artemis Alexiadou,"Syntactician, Linguist",,Greek linguist and syntactician,Cognitive Science
Shanley Allen,Linguist,,Canadian linguist and acquisitionist,Cognitive Science
Elena Anagnostopoulou,"Syntactician, Linguist",,Greek linguist and syntactician,Cognitive Science
Jolanta Antas,Linguist,,Polish linguist,Cognitive Science
Diana Archangeli,Linguist,,American linguist,Cognitive Science
Mira Ariel,Linguist,,"Israeli linguist, developer of Accessibility Theory",Cognitive Science
Lilias Armstrong,Phonetician,1882-1937,British phonetician,Computer Science
Syeda Ummehani Ashraf,Linguist,,Linguist,Cognitive Science
Beryl Atkins,lexicographer,,Professional lexicographer,Cognitive Science
Tista Bagchi,Linguist,,Indian linguist and ethicist,Cognitive Science
Jessie Little Doe Baird,Linguist,,Indigenous linguist and revitalization specialist,Cognitive Science
Ann Bannon,"Linguist, author",1932,Lesbian pulp fiction author and linguist,Cognitive Science
Marlyse Baptista,Linguist,,Cape Verdean contact linguist,Cognitive Science
Katherine Barber,lexicographer,,British-born Canadian lexicographer,Cognitive Science
Kathleen Bardovi-Harlig,Linguist,,American applied linguist,Cognitive Science
Naomi Baron,Linguist,,American linguist and digital communication specialist,Cognitive Science
Renate Bartsch,"Linguist, philosopher",,German linguist and philosopher of language,Cognitive Science
Carla Bazzanella,"Linguist, sociolinguist",,Italian pragmaticist and sociolinguist,"Cognitive Science, Materials Science"
Sigrid Beck,semanticist,,German semanticist,other
Mary Beckman,Linguist,,"American linguist, prosodist and acquisitionist",Cognitive Science
Patrice Beddor,"phonologist, Phonetician",,American phonetician and phonologist,"Cognitive Science, Computer Science"
Marie-JosÃÂÃÂÃÂÃÂÃÂÃÂÃÂÃÂÃÂÃÂÃÂÃÂÃÂÃÂÃÂÃÂÃÂÃÂÃÂÃÂÃÂÃÂÃÂÃÂÃÂÃÂÃÂÃÂÃÂÃÂÃÂÃÂÃÂÃÂÃÂÃÂÃÂÃÂÃÂÃÂÃÂÃÂÃÂÃÂÃÂÃÂÃÂÃÂÃÂÃÂÃÂÃÂÃÂÃÂÃÂÃÂÃÂÃÂÃÂÃÂÃÂÃÂÃÂÃÂ© BÃÂÃÂÃÂÃÂÃÂÃÂÃÂÃÂÃÂÃÂÃÂÃÂÃÂÃÂÃÂÃÂÃÂÃÂÃÂÃÂÃÂÃÂÃÂÃÂÃÂÃÂÃÂÃÂÃÂÃÂÃÂÃÂÃÂÃÂÃÂÃÂÃÂÃÂÃÂÃÂÃÂÃÂÃÂÃÂÃÂÃÂÃÂÃÂÃÂÃÂÃÂÃÂÃÂÃÂÃÂÃÂÃÂÃÂÃÂÃÂÃÂÃÂÃÂÃÂ©guelin,Linguist,,Swiss linguist,Cognitive Science
Heike Behrens,"psycholinguist, Linguist",,German psycholinguist,Cognitive Science
Jeannie Bell,Other,,Australian specialist in Aboriginal languages,other
Ursula Bellugi,"Linguist, Neuroscientist",,German-American linguist and cognitive neuroscientist,"Medicine, Biology, Cognitive Science"
Andrea Berez-Kroeker,Linguist,,American documentary linguist,Cognitive Science
Elena Berezovich,"Linguist, ethnolinguist, onomastician",,Russian onomastician and ethnolinguist,Cognitive Science
Helma van den Berg,Linguist,,Dutch linguist and Caucasian specialist,Cognitive Science
Brita Bergman,Linguist,,Swedish signed-language linguist,Cognitive Science
Jean Berko Gleason,"psycholinguist, Linguist",,American psycholinguist and Wug Test creator,Cognitive Science
Ruth A. Berman,Linguist,,South African-Israeli linguist and Hebraicist,Cognitive Science
EloÃÂÃÂÃÂÃÂÃÂÃÂÃÂÃÂÃÂÃÂÃÂÃÂÃÂÃÂÃÂÃÂÃÂÃÂÃÂÃÂÃÂÃÂÃÂÃÂÃÂÃÂÃÂÃÂÃÂÃÂÃÂÃÂÃÂÃÂÃÂÃÂÃÂÃÂÃÂÃÂÃÂÃÂÃÂÃÂÃÂÃÂÃÂÃÂÃÂÃÂÃÂÃÂÃÂÃÂÃÂÃÂÃÂÃÂÃÂÃÂÃÂÃÂÃÂÃÂ­na Miyares BermÃÂÃÂÃÂÃÂÃÂÃÂÃÂÃÂÃÂÃÂÃÂÃÂÃÂÃÂÃÂÃÂÃÂÃÂÃÂÃÂÃÂÃÂÃÂÃÂÃÂÃÂÃÂÃÂÃÂÃÂÃÂÃÂÃÂÃÂÃÂÃÂÃÂÃÂÃÂÃÂÃÂÃÂÃÂÃÂÃÂÃÂÃÂÃÂÃÂÃÂÃÂÃÂÃÂÃÂÃÂÃÂÃÂÃÂÃÂÃÂÃÂÃÂÃÂÃÂºdez,"Linguist, lexicographer",,Cuban linguist and lexicographer,Cognitive Science
Denise Bernot,Linguist,,French linguist and Burmese specialist,"Medicine, Cognitive Science"
Maria Luisa Altieri Biagi,Linguist,,Italian historical linguist,Cognitive Science
Judith Bishop,Linguist,,"Australian poet, linguist and translator",Cognitive Science
RenÃÂÃÂÃÂÃÂÃÂÃÂÃÂÃÂÃÂÃÂÃÂÃÂÃÂÃÂÃÂÃÂÃÂÃÂÃÂÃÂÃÂÃÂÃÂÃÂÃÂÃÂÃÂÃÂÃÂÃÂÃÂÃÂÃÂÃÂÃÂÃÂÃÂÃÂÃÂÃÂÃÂÃÂÃÂÃÂÃÂÃÂÃÂÃÂÃÂÃÂÃÂÃÂÃÂÃÂÃÂÃÂÃÂÃÂÃÂÃÂÃÂÃÂÃÂÃÂ©e A. Blake,"Linguist, sociolinguist",,Caribbean American sociolinguist,Cognitive Science
Joyce Blau,Linguist,,Egyptian-French linguist and Kurdish specialist,"Medicine, Cognitive Science"
Dorothea Bleek,"philologist, anthropologist",,South African-born German anthropologist and philologist,other
Juliette Blevins,"phonologist, Linguist, Phonetician",,"American phonetician, phonologist and historical linguist","Cognitive Science, Computer Science"
Sheila Blumstein,"neurolinguist, Linguist",,American neurolinguist,"Medicine, Biology, Cognitive Science"
Hagit Borer,"Syntactician, Linguist",,Israeli-born American theoretical linguist and syntactician,Cognitive Science
Melissa Bowerman,"psycholinguist, Linguist",,Max-Planck-based American acquisitionist/psycholinguist,Cognitive Science
Claire Bowern,Linguist,,US-based Australian historical linguist,Cognitive Science
Mary Boyce,Linguist,,British linguist and specialist in Iranian languages and Zoroastrianism,Cognitive Science
Diane Brentari,Linguist,,American linguist and sign-language specialist,Cognitive Science
Joan Bresnan,Syntactician,,American syntactician and founder of Lexical-Functional Grammar,Cognitive Science
Jean Briggs,"anthropologist, Linguist",,"American-born anthropologist, ethnographer and linguist",Cognitive Science
Isabelle Bril,"Linguist, Typologist",,French linguist and typologist specialising in Austronesian languages,"Medicine, Cognitive Science"
Rachel Bromwich,philologist,,British philologist and Celtic specialist,other
Ellen Broselow,Linguist,,American experimental linguist,Cognitive Science
Catherine Browman,Linguist,,American linguist and speech scientist,Cognitive Science
Penelope Brown,Linguist,,American anthropological linguist,Cognitive Science
Til Brugman,"Linguist, author",,"Dutch author, poet and linguist",Cognitive Science
ÃÂÃÂÃÂÃÂÃÂÃÂÃÂÃÂÃÂÃÂÃÂÃÂÃÂÃÂÃÂÃÂÃÂÃÂÃÂÃÂÃÂÃÂÃÂÃÂÃÂÃÂÃÂÃÂÃÂÃÂÃÂÃÂÃÂÃÂÃÂÃÂÃÂÃÂÃÂÃÂÃÂÃÂÃÂÃÂÃÂÃÂÃÂÃÂÃÂÃÂÃÂÃÂÃÂÃÂÃÂÃÂÃÂÃÂÃÂÃÂÃÂÃÂÃÂÃÂva Buchi,"Linguist, lexicographer",,"Swiss linguist, lexicographer and Romance specialist",Cognitive Science
Mary Bucholtz,"Linguist, sociolinguist",,American sociolinguist and anthropological linguist,Cognitive Science
Tove Bull,Linguist,,"Norwegian linguist, first female rector of the University of TromsÃÂÃÂÃÂÃÂÃÂÃÂÃÂÃÂÃÂÃÂÃÂÃÂÃÂÃÂÃÂÃÂÃÂÃÂÃÂÃÂÃÂÃÂÃÂÃÂÃÂÃÂÃÂÃÂÃÂÃÂÃÂÃÂÃÂÃÂÃÂÃÂÃÂÃÂÃÂÃÂÃÂÃÂÃÂÃÂÃÂÃÂÃÂÃÂÃÂÃÂÃÂÃÂÃÂÃÂÃÂÃÂÃÂÃÂÃÂÃÂÃÂÃÂÃÂÃÂ¸",Cognitive Science
Svetlana Burlak,Linguist,,Russian linguist and Indo-Europeanist,Cognitive Science
Kate Burridge,Linguist,,Australian linguist and Germanicist,Cognitive Science
Miriam Butt,"Syntactician, Linguist",,German computational linguist and syntactician,"Cognitive Science, Computer Science"
Joan Bybee,Linguist,,"American linguist, pioneer of the usage-based approach",Cognitive Science
Rena Torres Cacoullos,Other,,,other
Halet ÃÂÃÂÃÂÃÂÃÂÃÂÃÂÃÂÃÂÃÂÃÂÃÂÃÂÃÂÃÂÃÂÃÂÃÂÃÂÃÂÃÂÃÂÃÂÃÂÃÂÃÂÃÂÃÂÃÂÃÂÃÂÃÂÃÂÃÂÃÂÃÂÃÂÃÂÃÂÃÂÃÂÃÂÃÂÃÂÃÂÃÂÃÂÃÂÃÂÃÂÃÂÃÂÃÂÃÂÃÂÃÂÃÂÃÂÃÂÃÂÃÂÃÂÃÂÃÂambel,Archaeologist,,Archaeologist and decipherer of Anatolian hieroglyphs,other
Deborah Cameron,Other,,,other
Una Canger,Other,,,other
Justine Cassell,Other,,,other
Nina Catach,Other,,,other
Lee Cataldi,Other,,,other
MarÃÂÃÂÃÂÃÂÃÂÃÂÃÂÃÂÃÂÃÂÃÂÃÂÃÂÃÂÃÂÃÂÃÂÃÂÃÂÃÂÃÂÃÂÃÂÃÂÃÂÃÂÃÂÃÂÃÂÃÂÃÂÃÂÃÂÃÂÃÂÃÂÃÂÃÂÃÂÃÂÃÂÃÂÃÂÃÂÃÂÃÂÃÂÃÂÃÂÃÂÃÂÃÂÃÂÃÂÃÂÃÂÃÂÃÂÃÂÃÂÃÂÃÂÃÂÃÂ­a Catrileo,Other,,,other
Anne H. Charity Hudley,Other,,,other
Carole Chaski,Other,,,other
Yiya Chen,Phonetician,,Phonetician and prosody specialist,Computer Science
Lisa Cheng,Other,,,other
Jenny Cheshire,Other,,,other
Marion Frances Chevalier,Other,,,other
Soonja Choi,Other,,,other
Carol Chomsky,Other,,,other
Lina Choueiri,Other,,,other
Ann Chowning,Other,,,other
Kirsti Koch Christensen,Other,,,other
EilÃÂÃÂÃÂÃÂÃÂÃÂÃÂÃÂÃÂÃÂÃÂÃÂÃÂÃÂÃÂÃÂÃÂÃÂÃÂÃÂÃÂÃÂÃÂÃÂÃÂÃÂÃÂÃÂÃÂÃÂÃÂÃÂÃÂÃÂÃÂÃÂÃÂÃÂÃÂÃÂÃÂÃÂÃÂÃÂÃÂÃÂÃÂÃÂÃÂÃÂÃÂÃÂÃÂÃÂÃÂÃÂÃÂÃÂÃÂÃÂÃÂÃÂÃÂÃÂ©an NÃÂÃÂÃÂÃÂÃÂÃÂÃÂÃÂÃÂÃÂÃÂÃÂÃÂÃÂÃÂÃÂÃÂÃÂÃÂÃÂÃÂÃÂÃÂÃÂÃÂÃÂÃÂÃÂÃÂÃÂÃÂÃÂÃÂÃÂÃÂÃÂÃÂÃÂÃÂÃÂÃÂÃÂÃÂÃÂÃÂÃÂÃÂÃÂÃÂÃÂÃÂÃÂÃÂÃÂÃÂÃÂÃÂÃÂÃÂÃÂÃÂÃÂÃÂÃÂ­ ChuilleanÃÂÃÂÃÂÃÂÃÂÃÂÃÂÃÂÃÂÃÂÃÂÃÂÃÂÃÂÃÂÃÂÃÂÃÂÃÂÃÂÃÂÃÂÃÂÃÂÃÂÃÂÃÂÃÂÃÂÃÂÃÂÃÂÃÂÃÂÃÂÃÂÃÂÃÂÃÂÃÂÃÂÃÂÃÂÃÂÃÂÃÂÃÂÃÂÃÂÃÂÃÂÃÂÃÂÃÂÃÂÃÂÃÂÃÂÃÂÃÂÃÂÃÂÃÂÃÂ¡in,Other,,,other
Sandra Chung,Other,,,other
Victoria Cirlot,Other,,,other
Dymphna Clark,Other,,,other
Eve V. Clark,Other,,,other
Jennifer S. Cole,Other,,,other
Nancy Condee,Other,,,other
Ellen Contini-Morava,Other,,,other
Alexandra Cornilescu,Syntactician,,Syntactician of English and Romanian,Cognitive Science
Elizabeth Couper-Kuhlen,Other,,,other
Elizabeth Cowper,Other,,,other
Martha Crago,Other,,,other
Megan Crowhurst,Other,,,other
Anna Morpurgo Davies,Other,,,other
Jenny L. Davis,Other,,,other
Jean D'Costa,Other,,,other
Yeda Pessoa de Castro,Other,,,other
Maria Odulio de Guzman,Other,,,other
Ella Cara Deloria,Other,,,other
Susie Dent,Other,,,other
MarÃÂÃÂÃÂÃÂÃÂÃÂÃÂÃÂÃÂÃÂÃÂÃÂÃÂÃÂÃÂÃÂÃÂÃÂÃÂÃÂÃÂÃÂÃÂÃÂÃÂÃÂÃÂÃÂÃÂÃÂÃÂÃÂÃÂÃÂÃÂÃÂÃÂÃÂÃÂÃÂÃÂÃÂÃÂÃÂÃÂÃÂÃÂÃÂÃÂÃÂÃÂÃÂÃÂÃÂÃÂÃÂÃÂÃÂÃÂÃÂÃÂÃÂÃÂÃÂ­a Rosa Lida de Malkiel,Other,,,other
GÃÂÃÂÃÂÃÂÃÂÃÂÃÂÃÂÃÂÃÂÃÂÃÂÃÂÃÂÃÂÃÂÃÂÃÂÃÂÃÂÃÂÃÂÃÂÃÂÃÂÃÂÃÂÃÂÃÂÃÂÃÂÃÂÃÂÃÂÃÂÃÂÃÂÃÂÃÂÃÂÃÂÃÂÃÂÃÂÃÂÃÂÃÂÃÂÃÂÃÂÃÂÃÂÃÂÃÂÃÂÃÂÃÂÃÂÃÂÃÂÃÂÃÂÃÂÃÂ¼zin Dino,Other,,,other
Nina Dobrushina,Linguist,,Russian linguist and Caucasologist,Cognitive Science
Florence Dolphyne,Linguist,,Ghanaian linguist,Cognitive Science
Nancy Dorian,Other,,,other
Edit Doron,Other,,,other
Helen Doron,Other,,,other
Laura J. Downing,Other,,,other
Rajna DragiÃÂÃÂÃÂÃÂÃÂÃÂÃÂÃÂÃÂÃÂÃÂÃÂÃÂÃÂÃÂÃÂÃÂÃÂÃÂÃÂÃÂÃÂÃÂÃÂÃÂÃÂÃÂÃÂÃÂÃÂÃÂÃÂÃÂÃÂÃÂÃÂÃÂÃÂÃÂÃÂÃÂÃÂÃÂÃÂÃÂÃÂÃÂÃÂÃÂÃÂÃÂÃÂÃÂÃÂÃÂÃÂÃÂÃÂÃÂÃÂÃÂÃÂÃÂÃÂeviÃÂÃÂÃÂÃÂÃÂÃÂÃÂÃÂÃÂÃÂÃÂÃÂÃÂÃÂÃÂÃÂÃÂÃÂÃÂÃÂÃÂÃÂÃÂÃÂÃÂÃÂÃÂÃÂÃÂÃÂÃÂÃÂÃÂÃÂÃÂÃÂÃÂÃÂÃÂÃÂÃÂÃÂÃÂÃÂÃÂÃÂÃÂÃÂÃÂÃÂÃÂÃÂÃÂÃÂÃÂÃÂÃÂÃÂÃÂÃÂÃÂÃÂÃÂÃÂ,Other,,,other
Dulce Almada Duarte,Other,,,other
Christa DÃÂÃÂÃÂÃÂÃÂÃÂÃÂÃÂÃÂÃÂÃÂÃÂÃÂÃÂÃÂÃÂÃÂÃÂÃÂÃÂÃÂÃÂÃÂÃÂÃÂÃÂÃÂÃÂÃÂÃÂÃÂÃÂÃÂÃÂÃÂÃÂÃÂÃÂÃÂÃÂÃÂÃÂÃÂÃÂÃÂÃÂÃÂÃÂÃÂÃÂÃÂÃÂÃÂÃÂÃÂÃÂÃÂÃÂÃÂÃÂÃÂÃÂÃÂÃÂ¼rscheid,Other,,,other
Arienne Dwyer,Other,,,other
Penelope Eckert,Other,,,other
Susan Ehrlich,Other,,,other
Vilma Sindona Eichholz,Other,,,other
Katalin ÃÂÃÂÃÂÃÂÃÂÃÂÃÂÃÂÃÂÃÂÃÂÃÂÃÂÃÂÃÂÃÂÃÂÃÂÃÂÃÂÃÂÃÂÃÂÃÂÃÂÃÂÃÂÃÂÃÂÃÂÃÂÃÂÃÂÃÂÃÂÃÂÃÂÃÂÃÂÃÂÃÂÃÂÃÂÃÂÃÂÃÂÃÂÃÂÃÂÃÂÃÂÃÂÃÂÃÂÃÂÃÂÃÂÃÂÃÂÃÂÃÂÃÂÃÂÃÂ. Kiss,Other,,,other
Suzette Haden Elgin,Other,,,other
Tatyana Elizarenkova,Other,,,other
Karen Emmorey,Other,,,other
Elisabeth Engberg-Pedersen,Other,,,other
Elisabet Engdahl,Other,,,other
Nora England,Other,,,other
Zeynep Ergun,Other,,,other
Patricia Esteban ErlÃÂÃÂÃÂÃÂÃÂÃÂÃÂÃÂÃÂÃÂÃÂÃÂÃÂÃÂÃÂÃÂÃÂÃÂÃÂÃÂÃÂÃÂÃÂÃÂÃÂÃÂÃÂÃÂÃÂÃÂÃÂÃÂÃÂÃÂÃÂÃÂÃÂÃÂÃÂÃÂÃÂÃÂÃÂÃÂÃÂÃÂÃÂÃÂÃÂÃÂÃÂÃÂÃÂÃÂÃÂÃÂÃÂÃÂÃÂÃÂÃÂÃÂÃÂÃÂ©s,Other,,,other
Mirjam Ernestus,"psycholinguist, phonologist, Linguist",,Dutch psycholinguist and laboratory phonologist,Cognitive Science
Tamara Erofeyeva,Other,,,other
Susan M. Ervin-Tripp,Other,,,other
Rosario MarÃÂÃÂÃÂÃÂÃÂÃÂÃÂÃÂÃÂÃÂÃÂÃÂÃÂÃÂÃÂÃÂÃÂÃÂÃÂÃÂÃÂÃÂÃÂÃÂÃÂÃÂÃÂÃÂÃÂÃÂÃÂÃÂÃÂÃÂÃÂÃÂÃÂÃÂÃÂÃÂÃÂÃÂÃÂÃÂÃÂÃÂÃÂÃÂÃÂÃÂÃÂÃÂÃÂÃÂÃÂÃÂÃÂÃÂÃÂÃÂÃÂÃÂÃÂÃÂ­a GutiÃÂÃÂÃÂÃÂÃÂÃÂÃÂÃÂÃÂÃÂÃÂÃÂÃÂÃÂÃÂÃÂÃÂÃÂÃÂÃÂÃÂÃÂÃÂÃÂÃÂÃÂÃÂÃÂÃÂÃÂÃÂÃÂÃÂÃÂÃÂÃÂÃÂÃÂÃÂÃÂÃÂÃÂÃÂÃÂÃÂÃÂÃÂÃÂÃÂÃÂÃÂÃÂÃÂÃÂÃÂÃÂÃÂÃÂÃÂÃÂÃÂÃÂÃÂÃÂ©rrez Eskildsen,Other,,,other
Pamela Faber,Other,,,other
Teresa Fanego,Other,,Spanish specialist in historical English syntax,other
Iryna Farion,Other,,,other
Christiane Fellbaum,Other,,,other
Stephanie Fielding,Other,,,other
Linda Fierz-David,Other,,,other
Eva Fiesel,Other,,,other
Eli Fischer-JÃÂÃÂÃÂÃÂÃÂÃÂÃÂÃÂÃÂÃÂÃÂÃÂÃÂÃÂÃÂÃÂÃÂÃÂÃÂÃÂÃÂÃÂÃÂÃÂÃÂÃÂÃÂÃÂÃÂÃÂÃÂÃÂÃÂÃÂÃÂÃÂÃÂÃÂÃÂÃÂÃÂÃÂÃÂÃÂÃÂÃÂÃÂÃÂÃÂÃÂÃÂÃÂÃÂÃÂÃÂÃÂÃÂÃÂÃÂÃÂÃÂÃÂÃÂÃÂ¸rgensen,Other,,,other
Colleen Fitzgerald,Other,,,other
Ruth Vatvedt Fjeld,Other,,,other
Margaret Florey,Other,,,other
Janet Dean Fodor,Other,,,other
Mary LeCron Foster,Other,,,other
Lyn Frazier,Other,,,other
Olga Freidenberg,Other,,,other
Olga Frolova,Other,,,other
Victoria Fromkin,Other,,,other
Annemarie von Gabain,Other,,,other
Anneli Ute Gabanyi,Other,,,other
Susan Gal,Other,,,other
Naira Gelashvili,Other,,,other
Carol Genetti,Other,,,other
Donna Gerdts,Other,,,other
Judit Gervain,"neurolinguist, Linguist",,Neurolinguist and prosody specialist,"Medicine, Biology, Cognitive Science"
Henriette Gezundhajt,Other,,,other
Jila Ghomeshi,Other,,,other
Anna Italian Giacalone Ramat,Linguist,,historical linguist and acquisitionist,Cognitive Science
Lila Gleitman,Other,,,other
Eileen Glisan,Other,,,other
Irina Glushkova,Other,,,other
Adele Goldberg,Other,,,other
Susan Goldin-Meadow,Other,,,other
Felicitas Goodman,Other,,,other
Myrna Gopnik,Other,,,other
Lisa Green,Other,,,other
Lenore Grenoble,Other,,,other
Delia Grigore,Other,,,other
Sarah Israelit Groll,Other,,,other
Nina GrÃÂÃÂÃÂÃÂÃÂÃÂÃÂÃÂÃÂÃÂÃÂÃÂÃÂÃÂÃÂÃÂÃÂÃÂÃÂÃÂÃÂÃÂÃÂÃÂÃÂÃÂÃÂÃÂÃÂÃÂÃÂÃÂÃÂÃÂÃÂÃÂÃÂÃÂÃÂÃÂÃÂÃÂÃÂÃÂÃÂÃÂÃÂÃÂÃÂÃÂÃÂÃÂÃÂÃÂÃÂÃÂÃÂÃÂÃÂÃÂÃÂÃÂÃÂÃÂ¸nnum,Other,,,other
Marianne Gullberg,"psycholinguist, Linguist",,Swedish psycholinguist and gesture specialist,Cognitive Science
Natalia Gvishiani,Other,,,other
Mary Haas,Other,,,other
Luise Haessler,Other,,,other
Eva HajiÃÂÃÂÃÂÃÂÃÂÃÂÃÂÃÂÃÂÃÂÃÂÃÂÃÂÃÂÃÂÃÂÃÂÃÂÃÂÃÂÃÂÃÂÃÂÃÂÃÂÃÂÃÂÃÂÃÂÃÂÃÂÃÂÃÂÃÂÃÂÃÂÃÂÃÂÃÂÃÂÃÂÃÂÃÂÃÂÃÂÃÂÃÂÃÂÃÂÃÂÃÂÃÂÃÂÃÂÃÂÃÂÃÂÃÂÃÂÃÂÃÂÃÂÃÂÃÂovÃÂÃÂÃÂÃÂÃÂÃÂÃÂÃÂÃÂÃÂÃÂÃÂÃÂÃÂÃÂÃÂÃÂÃÂÃÂÃÂÃÂÃÂÃÂÃÂÃÂÃÂÃÂÃÂÃÂÃÂÃÂÃÂÃÂÃÂÃÂÃÂÃÂÃÂÃÂÃÂÃÂÃÂÃÂÃÂÃÂÃÂÃÂÃÂÃÂÃÂÃÂÃÂÃÂÃÂÃÂÃÂÃÂÃÂÃÂÃÂÃÂÃÂÃÂÃÂ¡,Other,,,other
Auli Hakulinen,Other,,,other
Kira Hall,Other,,,other
Maj-Britt Mosegaard Hansen,Other,,,other
Heidi Harley,Other,,,other
Alice Harris,Other,,,other
Jane Ellen Harrison,Other,,,other
Ruqaiya Hasan,Other,,,other
Iulia Hasdeu,Other,,,other
Margaret Hasluck,Other,,,other
Anna Granville Hatcher,Other,,,other
Shirley Brice Heath,Other,,,other
Irene Heim,Other,,,other
Monica Heller,Other,,,other
Luise Hercus,Other,,,other
Gabriella Hermon,Other,,,other
Susan Herring,Other,,,other
Judit Hidasi,Other,,,other
Martha Hildebrandt,Other,,,other
Elizabeth Hill,Other,,,other
Jane H. Hill,Other,,,other
Leanne Hinton,Other,,,other
Erika Hoff,Other,,,other
Janet Holmes,Other,,,other
Clara Holst,Other,,,other
Anne Holtsmark,Other,,,other
Elizabeth V. Hume,Other,,,other
Jennett Humphreys,Other,,,other
Nina Hyams,Other,,,other
Sabine Iatridou,Other,,,other
Sharon Inkelas,Other,,,other
Luce Irigaray,Other,,,other
Junko ItÃÂÃÂÃÂÃÂÃÂÃÂÃÂÃÂÃÂÃÂÃÂÃÂÃÂÃÂÃÂÃÂÃÂÃÂÃÂÃÂÃÂÃÂÃÂÃÂÃÂÃÂÃÂÃÂÃÂÃÂÃÂÃÂÃÂÃÂÃÂÃÂÃÂÃÂÃÂÃÂÃÂÃÂÃÂÃÂÃÂÃÂÃÂÃÂÃÂÃÂÃÂÃÂÃÂÃÂÃÂÃÂÃÂÃÂÃÂÃÂÃÂÃÂÃÂÃÂ,Other,,,other
Ann-Marie Ivars,Other,,,other
Pauline Jacobson,Other,,,other
Katarzyna Jaszczolt,Other,,,other
LaVerne Jeanne,Other,,,other
Gail Jefferson,Other,,,other
Eloise Jelinek,Other,,,other
Eva Skafte Jensen,Other,,,other
Li Jinfang,Other,,,other
Harriet Jisa,Linguist,,French developmental linguist,"Medicine, Cognitive Science"
Brigitte JobbÃÂÃÂÃÂÃÂÃÂÃÂÃÂÃÂÃÂÃÂÃÂÃÂÃÂÃÂÃÂÃÂÃÂÃÂÃÂÃÂÃÂÃÂÃÂÃÂÃÂÃÂÃÂÃÂÃÂÃÂÃÂÃÂÃÂÃÂÃÂÃÂÃÂÃÂÃÂÃÂÃÂÃÂÃÂÃÂÃÂÃÂÃÂÃÂÃÂÃÂÃÂÃÂÃÂÃÂÃÂÃÂÃÂÃÂÃÂÃÂÃÂÃÂÃÂÃÂ©-Duval,Other,,,other
Eliza Grew Jones,Other,,,other
Yamuna Kachru,Other,,,other
RenÃÂÃÂÃÂÃÂÃÂÃÂÃÂÃÂÃÂÃÂÃÂÃÂÃÂÃÂÃÂÃÂÃÂÃÂÃÂÃÂÃÂÃÂÃÂÃÂÃÂÃÂÃÂÃÂÃÂÃÂÃÂÃÂÃÂÃÂÃÂÃÂÃÂÃÂÃÂÃÂÃÂÃÂÃÂÃÂÃÂÃÂÃÂÃÂÃÂÃÂÃÂÃÂÃÂÃÂÃÂÃÂÃÂÃÂÃÂÃÂÃÂÃÂÃÂÃÂ©e Kahane,Other,,,other
Ellen Kaisse,Other,,,other
Olga Kapeliuk,Other,,,other
Elisabeth Karg-GasterstÃÂÃÂÃÂÃÂÃÂÃÂÃÂÃÂÃÂÃÂÃÂÃÂÃÂÃÂÃÂÃÂÃÂÃÂÃÂÃÂÃÂÃÂÃÂÃÂÃÂÃÂÃÂÃÂÃÂÃÂÃÂÃÂÃÂÃÂÃÂÃÂÃÂÃÂÃÂÃÂÃÂÃÂÃÂÃÂÃÂÃÂÃÂÃÂÃÂÃÂÃÂÃÂÃÂÃÂÃÂÃÂÃÂÃÂÃÂÃÂÃÂÃÂÃÂÃÂ¤dt,Other,,,other
Suzanne KarpelÃÂÃÂÃÂÃÂÃÂÃÂÃÂÃÂÃÂÃÂÃÂÃÂÃÂÃÂÃÂÃÂÃÂÃÂÃÂÃÂÃÂÃÂÃÂÃÂÃÂÃÂÃÂÃÂÃÂÃÂÃÂÃÂÃÂÃÂÃÂÃÂÃÂÃÂÃÂÃÂÃÂÃÂÃÂÃÂÃÂÃÂÃÂÃÂÃÂÃÂÃÂÃÂÃÂÃÂÃÂÃÂÃÂÃÂÃÂÃÂÃÂÃÂÃÂÃÂ¨s,Other,,,other
Frances Karttunen,Other,,,other
Patricia Keating,Other,,,other
Ksenia Kepping,Other,,,other
Roberta Kevelson,Other,,,other
Ayesha Kidwai,Linguist,,Indian theoretical linguist,Cognitive Science
Hannah Kilham,Other,,,other
Barbara Ann Kipfer,Other,,,other
Verna Kirkness,Other,,,other
Irena Klepfisz,Other,,,other
Alice Kober,Other,,,other
Maria Koptjevskaja-Tamm,"Linguist, Typologist",,Typologist and editor-in-chief of Linguistic Typology,Cognitive Science
SnjeÃÂÃÂÃÂÃÂÃÂÃÂÃÂÃÂÃÂÃÂÃÂÃÂÃÂÃÂÃÂÃÂÃÂÃÂÃÂÃÂÃÂÃÂÃÂÃÂÃÂÃÂÃÂÃÂÃÂÃÂÃÂÃÂÃÂÃÂÃÂÃÂÃÂÃÂÃÂÃÂÃÂÃÂÃÂÃÂÃÂÃÂÃÂÃÂÃÂÃÂÃÂÃÂÃÂÃÂÃÂÃÂÃÂÃÂÃÂÃÂÃÂÃÂÃÂÃÂ¾ana KordiÃÂÃÂÃÂÃÂÃÂÃÂÃÂÃÂÃÂÃÂÃÂÃÂÃÂÃÂÃÂÃÂÃÂÃÂÃÂÃÂÃÂÃÂÃÂÃÂÃÂÃÂÃÂÃÂÃÂÃÂÃÂÃÂÃÂÃÂÃÂÃÂÃÂÃÂÃÂÃÂÃÂÃÂÃÂÃÂÃÂÃÂÃÂÃÂÃÂÃÂÃÂÃÂÃÂÃÂÃÂÃÂÃÂÃÂÃÂÃÂÃÂÃÂÃÂÃÂ,Other,,,other
Zeynep Korkmaz,Other,,,other
Judit Kormos,Other,,,other
Jaklin Kornfilt,Other,,,other
Margarita Kozhina,Other,,,other
Christina Kramer,Other,,,other
Angelika Kratzer,Other,,,other
Mary Esther Kropp Dakubu,Other,,,other
Tania Kuteva,Typologist,,Grammaticalization theorist and typologist,Materials Science
Johanna Laakso,Other,,,other
Mena Lafkioui,Other,,,other
Aditi Lahiri,Other,,,other
Robin Lakoff,Other,,,other
Ann Lambton,Other,,,other
Sonja L. Lanehart,Other,,,other
Diane Larsen-Freeman,Other,,,other
Agathe Lasch,Other,,,other
Yolanda Lastra,Other,,,other
Julie Anne Legate,Other,,,other
Ilse Lehiste,Other,,,other
Beth Levin,Other,,,other
Diane Lillo-Martin,Other,,,other
Rosina Lippi,Other,,,other
Lucy Lloyd,Other,,,other
Bettelou Los,Other,,,other
Ceil Lucas,Other,,,other
Monica Macaulay,Other,,,other
Asifa Majid,Other,,,other
Joan Maling,Other,,,other
Melanie Malzahn,Other,,,other
Maria Rita Manzini,Other,,,other
Christiane Marchello-Nizia,Other,,,other
Raymattja Marika,Other,,,other
France Martineau,Other,,,other
Esther Martinez,Other,,,other
Diane Massam,Other,,,other
GeneviÃÂÃÂÃÂÃÂÃÂÃÂÃÂÃÂÃÂÃÂÃÂÃÂÃÂÃÂÃÂÃÂÃÂÃÂÃÂÃÂÃÂÃÂÃÂÃÂÃÂÃÂÃÂÃÂÃÂÃÂÃÂÃÂÃÂÃÂÃÂÃÂÃÂÃÂÃÂÃÂÃÂÃÂÃÂÃÂÃÂÃÂÃÂÃÂÃÂÃÂÃÂÃÂÃÂÃÂÃÂÃÂÃÂÃÂÃÂÃÂÃÂÃÂÃÂÃÂ¨ve Massignon,Other,,,other
Margaret Masterman,Other,,,other
Rachel Mayberry,Other,,,other
Katayun Mazdapour,Other,,,other
Sally McConnell-Ginet,Other,,,other
Sandra Lee McKay,Other,,,other
Erin McKean,Other,,,other
April McMahon,Other,,,other
Louise McNally,Other,,,other
Felicity Meakins,Other,,,other
Inna Meiman-Kitrossky,Other,,,other
Norma Mendoza-Denton,Other,,,other
Lise Menn,Other,,,other
Paula Menyuk,Other,,,other
Elena Mestergazi,Other,,,other
Helle Metslang,Other,,,other
Miriam Meyerhoff,Other,,,other
Laura Michaelis,Other,,,other
Susanne Maria Michaelis,Other,,,other
Halina Mierzejewska,Other,,,other
Lesley Milroy,Other,,,other
Zara Mints,Other,,,other
Marianne Mithun,Other,,,other
MarÃÂÃÂÃÂÃÂÃÂÃÂÃÂÃÂÃÂÃÂÃÂÃÂÃÂÃÂÃÂÃÂÃÂÃÂÃÂÃÂÃÂÃÂÃÂÃÂÃÂÃÂÃÂÃÂÃÂÃÂÃÂÃÂÃÂÃÂÃÂÃÂÃÂÃÂÃÂÃÂÃÂÃÂÃÂÃÂÃÂÃÂÃÂÃÂÃÂÃÂÃÂÃÂÃÂÃÂÃÂÃÂÃÂÃÂÃÂÃÂÃÂÃÂÃÂÃÂ­a Moliner,Other,,,other
Friederike Moltmann,Other,,,other
Jill Morford,Other,,,other
Odille Morison,Other,,,other
Teresa Moure,Other,,,other
Claire Moyse-Faurie,Linguist,,French linguist and specialist in Oceanic languages,"Medicine, Cognitive Science"
Pamela Munro,Other,,,other
Lynne Murphy,Other,,,other
Mona MuscÃÂÃÂÃÂÃÂÃÂÃÂÃÂÃÂÃÂÃÂÃÂÃÂÃÂÃÂÃÂÃÂÃÂÃÂÃÂÃÂÃÂÃÂÃÂÃÂÃÂÃÂÃÂÃÂÃÂÃÂÃÂÃÂÃÂÃÂÃÂÃÂÃÂÃÂÃÂÃÂÃÂÃÂÃÂÃÂÃÂÃÂÃÂÃÂÃÂÃÂÃÂÃÂÃÂÃÂÃÂÃÂÃÂÃÂÃÂÃÂÃÂÃÂÃÂÃÂ,Other,,,other
Carol Myers-Scotton,Other,,,other
Mira NÃÂÃÂÃÂÃÂÃÂÃÂÃÂÃÂÃÂÃÂÃÂÃÂÃÂÃÂÃÂÃÂÃÂÃÂÃÂÃÂÃÂÃÂÃÂÃÂÃÂÃÂÃÂÃÂÃÂÃÂÃÂÃÂÃÂÃÂÃÂÃÂÃÂÃÂÃÂÃÂÃÂÃÂÃÂÃÂÃÂÃÂÃÂÃÂÃÂÃÂÃÂÃÂÃÂÃÂÃÂÃÂÃÂÃÂÃÂÃÂÃÂÃÂÃÂÃÂ¡bÃÂÃÂÃÂÃÂÃÂÃÂÃÂÃÂÃÂÃÂÃÂÃÂÃÂÃÂÃÂÃÂÃÂÃÂÃÂÃÂÃÂÃÂÃÂÃÂÃÂÃÂÃÂÃÂÃÂÃÂÃÂÃÂÃÂÃÂÃÂÃÂÃÂÃÂÃÂÃÂÃÂÃÂÃÂÃÂÃÂÃÂÃÂÃÂÃÂÃÂÃÂÃÂÃÂÃÂÃÂÃÂÃÂÃÂÃÂÃÂÃÂÃÂÃÂÃÂlkovÃÂÃÂÃÂÃÂÃÂÃÂÃÂÃÂÃÂÃÂÃÂÃÂÃÂÃÂÃÂÃÂÃÂÃÂÃÂÃÂÃÂÃÂÃÂÃÂÃÂÃÂÃÂÃÂÃÂÃÂÃÂÃÂÃÂÃÂÃÂÃÂÃÂÃÂÃÂÃÂÃÂÃÂÃÂÃÂÃÂÃÂÃÂÃÂÃÂÃÂÃÂÃÂÃÂÃÂÃÂÃÂÃÂÃÂÃÂÃÂÃÂÃÂÃÂÃÂ¡,Other,,,other
Susan J. Napier,Other,,,other
Donna Jo Napoli,Other,,,other
Monique Nemni,Other,,,other
Johanna Nichols,Other,,,other
Harriet Bjerrum Nielsen,Other,,,other
Tatiana Nikitina,Other,,,other
Shaista Nuzhat,Other,,,other
Arika Okrent,Other,,,other
Birgit Anette Olsen,Other,,,other
Natalia O'Shea,Other,,,other
FranÃÂÃÂÃÂÃÂÃÂÃÂÃÂÃÂÃÂÃÂÃÂÃÂÃÂÃÂÃÂÃÂÃÂÃÂÃÂÃÂÃÂÃÂÃÂÃÂÃÂÃÂÃÂÃÂÃÂÃÂÃÂÃÂÃÂÃÂÃÂÃÂÃÂÃÂÃÂÃÂÃÂÃÂÃÂÃÂÃÂÃÂÃÂÃÂÃÂÃÂÃÂÃÂÃÂÃÂÃÂÃÂÃÂÃÂÃÂÃÂÃÂÃÂÃÂÃÂ§oise Ozanne-Rivierre,Other,,,other
A. Sumru ÃÂÃÂÃÂÃÂÃÂÃÂÃÂÃÂÃÂÃÂÃÂÃÂÃÂÃÂÃÂÃÂÃÂÃÂÃÂÃÂÃÂÃÂÃÂÃÂÃÂÃÂÃÂÃÂÃÂÃÂÃÂÃÂÃÂÃÂÃÂÃÂÃÂÃÂÃÂÃÂÃÂÃÂÃÂÃÂÃÂÃÂÃÂÃÂÃÂÃÂÃÂÃÂÃÂÃÂÃÂÃÂÃÂÃÂÃÂÃÂÃÂÃÂÃÂÃÂzsoy,Other,,,other
AslÃÂÃÂÃÂÃÂÃÂÃÂÃÂÃÂÃÂÃÂÃÂÃÂÃÂÃÂÃÂÃÂÃÂÃÂÃÂÃÂÃÂÃÂÃÂÃÂÃÂÃÂÃÂÃÂÃÂÃÂÃÂÃÂÃÂÃÂÃÂÃÂÃÂÃÂÃÂÃÂÃÂÃÂÃÂÃÂÃÂÃÂÃÂÃÂÃÂÃÂÃÂÃÂÃÂÃÂÃÂÃÂÃÂÃÂÃÂÃÂÃÂÃÂÃÂÃÂ± ÃÂÃÂÃÂÃÂÃÂÃÂÃÂÃÂÃÂÃÂÃÂÃÂÃÂÃÂÃÂÃÂÃÂÃÂÃÂÃÂÃÂÃÂÃÂÃÂÃÂÃÂÃÂÃÂÃÂÃÂÃÂÃÂÃÂÃÂÃÂÃÂÃÂÃÂÃÂÃÂÃÂÃÂÃÂÃÂÃÂÃÂÃÂÃÂÃÂÃÂÃÂÃÂÃÂÃÂÃÂÃÂÃÂÃÂÃÂÃÂÃÂÃÂÃÂÃÂzyÃÂÃÂÃÂÃÂÃÂÃÂÃÂÃÂÃÂÃÂÃÂÃÂÃÂÃÂÃÂÃÂÃÂÃÂÃÂÃÂÃÂÃÂÃÂÃÂÃÂÃÂÃÂÃÂÃÂÃÂÃÂÃÂÃÂÃÂÃÂÃÂÃÂÃÂÃÂÃÂÃÂÃÂÃÂÃÂÃÂÃÂÃÂÃÂÃÂÃÂÃÂÃÂÃÂÃÂÃÂÃÂÃÂÃÂÃÂÃÂÃÂÃÂÃÂÃÂ¼rek,Other,,,other
Carol Padden,Other,,,other
Barbara Partee,Other,,,other
Gertrud PÃÂÃÂÃÂÃÂÃÂÃÂÃÂÃÂÃÂÃÂÃÂÃÂÃÂÃÂÃÂÃÂÃÂÃÂÃÂÃÂÃÂÃÂÃÂÃÂÃÂÃÂÃÂÃÂÃÂÃÂÃÂÃÂÃÂÃÂÃÂÃÂÃÂÃÂÃÂÃÂÃÂÃÂÃÂÃÂÃÂÃÂÃÂÃÂÃÂÃÂÃÂÃÂÃÂÃÂÃÂÃÂÃÂÃÂÃÂÃÂÃÂÃÂÃÂÃÂ¤tsch,Other,,,other
Marija AuÃÂÃÂÃÂÃÂÃÂÃÂÃÂÃÂÃÂÃÂÃÂÃÂÃÂÃÂÃÂÃÂÃÂÃÂÃÂÃÂÃÂÃÂÃÂÃÂÃÂÃÂÃÂÃÂÃÂÃÂÃÂÃÂÃÂÃÂÃÂÃÂÃÂÃÂÃÂÃÂÃÂÃÂÃÂÃÂÃÂÃÂÃÂÃÂÃÂÃÂÃÂÃÂÃÂÃÂÃÂÃÂÃÂÃÂÃÂÃÂÃÂÃÂÃÂÃÂ¡rinÃÂÃÂÃÂÃÂÃÂÃÂÃÂÃÂÃÂÃÂÃÂÃÂÃÂÃÂÃÂÃÂÃÂÃÂÃÂÃÂÃÂÃÂÃÂÃÂÃÂÃÂÃÂÃÂÃÂÃÂÃÂÃÂÃÂÃÂÃÂÃÂÃÂÃÂÃÂÃÂÃÂÃÂÃÂÃÂÃÂÃÂÃÂÃÂÃÂÃÂÃÂÃÂÃÂÃÂÃÂÃÂÃÂÃÂÃÂÃÂÃÂÃÂÃÂÃÂ PavilionienÃÂÃÂÃÂÃÂÃÂÃÂÃÂÃÂÃÂÃÂÃÂÃÂÃÂÃÂÃÂÃÂÃÂÃÂÃÂÃÂÃÂÃÂÃÂÃÂÃÂÃÂÃÂÃÂÃÂÃÂÃÂÃÂÃÂÃÂÃÂÃÂÃÂÃÂÃÂÃÂÃÂÃÂÃÂÃÂÃÂÃÂÃÂÃÂÃÂÃÂÃÂÃÂÃÂÃÂÃÂÃÂÃÂÃÂÃÂÃÂÃÂÃÂÃÂÃÂ,Other,,,other
Aneta Pavlenko,Other,,,other
Elena Paducheva,"Syntactician, semanticist, lexicographer",,Russian semanticist and syntactician and lexicographer,Cognitive Science
Doris L. Payne,Other,,,other
Asya Pereltsvaig,Other,,,other
Ellavina Perkins,Other,,,other
MichÃÂÃÂÃÂÃÂÃÂÃÂÃÂÃÂÃÂÃÂÃÂÃÂÃÂÃÂÃÂÃÂÃÂÃÂÃÂÃÂÃÂÃÂÃÂÃÂÃÂÃÂÃÂÃÂÃÂÃÂÃÂÃÂÃÂÃÂÃÂÃÂÃÂÃÂÃÂÃÂÃÂÃÂÃÂÃÂÃÂÃÂÃÂÃÂÃÂÃÂÃÂÃÂÃÂÃÂÃÂÃÂÃÂÃÂÃÂÃÂÃÂÃÂÃÂÃÂ¨le Perret,Other,,,other
Einfrid PerstÃÂÃÂÃÂÃÂÃÂÃÂÃÂÃÂÃÂÃÂÃÂÃÂÃÂÃÂÃÂÃÂÃÂÃÂÃÂÃÂÃÂÃÂÃÂÃÂÃÂÃÂÃÂÃÂÃÂÃÂÃÂÃÂÃÂÃÂÃÂÃÂÃÂÃÂÃÂÃÂÃÂÃÂÃÂÃÂÃÂÃÂÃÂÃÂÃÂÃÂÃÂÃÂÃÂÃÂÃÂÃÂÃÂÃÂÃÂÃÂÃÂÃÂÃÂÃÂ¸len,Other,,,other
Janet Pierrehumbert,Other,,,other
Ingrid Piller,Other,,,other
Elisabeth Piirainen,Other,,,other
Maria Polinsky,Other,,,other
Shana Poplack,Other,,,other
Saveros Pou,Other,,,other
Ellen Prince,Other,,,other
Tatiana Proskouriakoff,Other,,,other
Luise F. Pusch,Other,,,other
Parashqevi Qiriazi,Other,,,other
Robin Queen,Other,,,other
Fatemeh Rakeei,Other,,,other
Ekaterina Rakhilina,"semanticist, Typologist",,Russian semanticist and lexical typologist,Cognitive Science
Angela Ralli,"Morphologist, dialectologist",,Morphologist and Greek dialectologist,other
Gillian Ramchand,Other,,,other
Irmengard Rauch,Other,,,other
Dorit Ravid,Other,,,other
Tanya Reinhart,Other,,,other
Ursula Reutner,Other,,,other
Josette Rey-Debove,Other,,,other
Barbara Reynolds,Other,,,other
Annie Rialland,Other,,,other
Keren Rice,Other,,,other
Wilga Rivers,Other,,,other
StÃÂÃÂÃÂÃÂÃÂÃÂÃÂÃÂÃÂÃÂÃÂÃÂÃÂÃÂÃÂÃÂÃÂÃÂÃÂÃÂÃÂÃÂÃÂÃÂÃÂÃÂÃÂÃÂÃÂÃÂÃÂÃÂÃÂÃÂÃÂÃÂÃÂÃÂÃÂÃÂÃÂÃÂÃÂÃÂÃÂÃÂÃÂÃÂÃÂÃÂÃÂÃÂÃÂÃÂÃÂÃÂÃÂÃÂÃÂÃÂÃÂÃÂÃÂÃÂ©phane Robert,Other,,,other
Suzanne Romaine,Other,,,other
Mitsou Ronat,Other,,,other
Jana S. RoÃÂÃÂÃÂÃÂÃÂÃÂÃÂÃÂÃÂÃÂÃÂÃÂÃÂÃÂÃÂÃÂÃÂÃÂÃÂÃÂÃÂÃÂÃÂÃÂÃÂÃÂÃÂÃÂÃÂÃÂÃÂÃÂÃÂÃÂÃÂÃÂÃÂÃÂÃÂÃÂÃÂÃÂÃÂÃÂÃÂÃÂÃÂÃÂÃÂÃÂÃÂÃÂÃÂÃÂÃÂÃÂÃÂÃÂÃÂÃÂÃÂÃÂÃÂÃÂ¡ker,Other,,,other
Jane Helen Rowlands,Other,,,other
Alma Sabatini,Other,,,other
Fatima Sadiqi,Other,,,other
Azarmi Dukht Safavi,Other,,,other
Alicja Sakaguchi,Other,,,other
Dora Sakayan,Other,,,other
Satvasheela Samant,Other,,,other
Hazel Sampson,Other,,,other
Wendy Sandler,Other,,,other
Gillian Sankoff,Other,,,other
Katherine Siva Saubel,Other,,,other
Irene Saunders,Other,,,other
Bambi Schieffelin,Other,,,other
Natalie Schilling,Other,,,other
Monika Schmid,Other,,German acquisitionist and attrition specialist,other
Lucy Seki,Other,,,other
Elisabeth O. Selkirk,Other,,,other
Elena Semino,Other,,,other
Tamara Shakryl,Other,,,other
Devyani Sharma,Other,,,other
Patricia Alice Shaw,Other,,,other
Judy Shepard-Kegl,Other,,,other
Natalia Shvedova,Other,,,other
Anna Siewierska,Other,,,other
Mandy Simons,Other,,,other
Jane Simpson,Other,,,other
Dorjana ÃÂÃÂÃÂÃÂÃÂÃÂÃÂÃÂÃÂÃÂÃÂÃÂÃÂÃÂÃÂÃÂÃÂÃÂÃÂÃÂÃÂÃÂÃÂÃÂÃÂÃÂÃÂÃÂÃÂÃÂÃÂÃÂÃÂÃÂÃÂÃÂÃÂÃÂÃÂÃÂÃÂÃÂÃÂÃÂÃÂÃÂÃÂÃÂÃÂÃÂÃÂÃÂÃÂÃÂÃÂÃÂÃÂÃÂÃÂÃÂÃÂÃÂÃÂÃÂ irola,Other,,,other
Marie-Louise Sjoestedt,Other,,,other
Tove Skutnabb-Kangas,Other,,,other
Adeline Smith,Other,,,other
Mary Snell-Hornby,Other,,,other
Antonella Sorace,Other,,,other
Rosanna Sornicola,Other,,,other
Lyubov Sova,Other,,,other
Tamar Sovran,Other,,,other
Salamatou Sow,Other,,,other
Donca Steriade,Other,,,other
Karen Stollznow,Other,,,other
Thelma D. Sullivan,Other,,,other
Merrill Swain,Other,,,other
Eve Sweetser,Other,,,other
Kristen Syrett,Other,,,other
Sali Tagliamonte,Other,,,other
Clotilde Tambroni,Other,,,other
Deborah Tannen,Other,,,other
Marina Tarlinskaja,Other,,,other
Elaine Tarone,Other,,,other
Marie-Lucie Tarpent,Other,,,other
Joan M. Tenenbaum,Other,,,other
M. Carey Thomas,Other,,,other
Sarah Thomason,Other,,,other
Sandra Thompson,Other,,,other
Erika Timm,Other,,,other
Rosemarie Tracy,Other,,,other
Elizabeth C. Traugott,Other,,,other
Joan Lee Tu,Other,,,other
Joan Turville-Petre,Other,,,other
Aisin-Gioro Ulhicun,Other,,,other
Helene Uri,Other,,,other
Anna Vainikka,Other,,,other
Jacqueline VaissiÃÂÃÂÃÂÃÂÃÂÃÂÃÂÃÂÃÂÃÂÃÂÃÂÃÂÃÂÃÂÃÂÃÂÃÂÃÂÃÂÃÂÃÂÃÂÃÂÃÂÃÂÃÂÃÂÃÂÃÂÃÂÃÂÃÂÃÂÃÂÃÂÃÂÃÂÃÂÃÂÃÂÃÂÃÂÃÂÃÂÃÂÃÂÃÂÃÂÃÂÃÂÃÂÃÂÃÂÃÂÃÂÃÂÃÂÃÂÃÂÃÂÃÂÃÂÃÂ¨re,Other,,,other
Marijn van Dijk,Other,,,other
Martine Vanhove,Other,,,other
Ans van Kemenade,Other,,,other
Galina Varlamova,Other,,,other
Marjolijn Verspoor,Other,,,other
Margaret Mary Vojtko,Other,,,other
Tsvia Walden,Other,,,other
Henriette Walter,Other,,,other
Ida C. Ward,Other,,,other
Edith Wardale,philologist,,British philologist of Germanic languages,other
ElÃÂÃÂÃÂÃÂÃÂÃÂÃÂÃÂÃÂÃÂÃÂÃÂÃÂÃÂÃÂÃÂÃÂÃÂÃÂÃÂÃÂÃÂÃÂÃÂÃÂÃÂÃÂÃÂÃÂÃÂÃÂÃÂÃÂÃÂÃÂÃÂÃÂÃÂÃÂÃÂÃÂÃÂÃÂÃÂÃÂÃÂÃÂÃÂÃÂÃÂÃÂÃÂÃÂÃÂÃÂÃÂÃÂÃÂÃÂÃÂÃÂÃÂÃÂÃÂ¼bieta Magdalena WÃÂÃÂÃÂÃÂÃÂÃÂÃÂÃÂÃÂÃÂÃÂÃÂÃÂÃÂÃÂÃÂÃÂÃÂÃÂÃÂÃÂÃÂÃÂÃÂÃÂÃÂÃÂÃÂÃÂÃÂÃÂÃÂÃÂÃÂÃÂÃÂÃÂÃÂÃÂÃÂÃÂÃÂÃÂÃÂÃÂÃÂÃÂÃÂÃÂÃÂÃÂÃÂÃÂÃÂÃÂÃÂÃÂÃÂÃÂÃÂÃÂÃÂÃÂÃÂsik,Other,,,other
Lucille Watahomigie,Other,,,other
Julia Wedgwood,Other,,,other
Lydia White,Other,,,other
Anna Wierzbicka,Other,,,other
Kay Williamson,Other,,,other
Ruth Wodak,Other,,,other
Alison Wray,Other,,,other
Elizabeth Mary Wright,"dialectologist, Linguist",,English linguist and dialectologist,Cognitive Science
Susi Wurmbrand,Other,,,other
Viktoria Yartseva,Other,,,other
Mary Yee,Other,,,other
Galina Yershova,Other,,,other
Moira Yip,Other,,,other
Virginia Yip,Other,,,other
Martha Young-Scholten,Other,,,other
Annie Zaenen,Other,,,other
Raffaella Zanuttini,Other,,,other
Hiltgunt Zassenhaus,Other,,,other
Georgia Zellou,Other,,,other
Ofelia Zepeda,Other,,,other
Ulrike Zeshan,Other,,,other
Niina Ning Zhang,Other,,,other
Milena ÃÂÃÂÃÂÃÂÃÂÃÂÃÂÃÂÃÂÃÂÃÂÃÂÃÂÃÂÃÂÃÂÃÂÃÂÃÂÃÂÃÂÃÂÃÂÃÂÃÂÃÂÃÂÃÂÃÂÃÂÃÂÃÂÃÂÃÂÃÂÃÂÃÂÃÂÃÂÃÂÃÂÃÂÃÂÃÂÃÂÃÂÃÂÃÂÃÂÃÂÃÂÃÂÃÂÃÂÃÂÃÂÃÂÃÂÃÂÃÂÃÂÃÂÃÂÃÂ½ic-Fuchs,Other,,,other
Elizabeth Zsiga,Other,,,other
M.-L. Zubizarreta,Other,,,other
Jane Zuengler,Other,,,other
