Name,Field(s),Date,Notes,Unnamed: 4,Unnamed: 5,Unnamed: 6,Unnamed: 7,Tags
Zuhal Atmar,Environmentalist,,pioneering environmentalist who ran a recycling plant,,,,,"Engineering, Environmental Science"
Faiza Darkhani,scholar,1992.0,climate change scholar,,,,,"Environmental Science, Materials Science"
Argentina,Other,,,,,,,other
InÃÂÃÂÃÂÃÂÃÂÃÂÃÂÃÂÃÂÃÂÃÂÃÂÃÂÃÂÃÂÃÂÃÂÃÂÃÂÃÂÃÂÃÂÃÂÃÂÃÂÃÂÃÂÃÂÃÂÃÂÃÂÃÂÃÂÃÂÃÂÃÂÃÂÃÂÃÂÃÂÃÂÃÂÃÂÃÂÃÂÃÂÃÂÃÂÃÂÃÂÃÂÃÂÃÂÃÂÃÂÃÂÃÂÃÂÃÂÃÂÃÂÃÂÃÂÃÂÃÂÃÂÃÂÃÂÃÂÃÂÃÂÃÂÃÂÃÂÃÂÃÂÃÂÃÂÃÂÃÂÃÂÃÂÃÂÃÂÃÂÃÂÃÂÃÂÃÂÃÂÃÂÃÂÃÂÃÂÃÂÃÂÃÂÃÂÃÂÃÂÃÂÃÂÃÂÃÂÃÂÃÂÃÂÃÂÃÂÃÂÃÂÃÂÃÂÃÂÃÂÃÂÃÂÃÂÃÂÃÂÃÂÃÂÃÂÃÂÃÂÃÂÃÂÃÂ©s Camilloni,Other,1964.0,,,,,,other
Australia,Other,,,,,,,other
Nerilie Abram,Other,1977.0,,,,,,other
Tracy Ainsworth,"Marine Biologist, biologist",,marine biologist working on coral reefs,,,,,"Chemistry, Biology"
Lisa Alexander,Other,,international expert on heatwaves,,,,,other
Julie Arblaster,Other,,climate change researcher,,,,,"Environmental Science, Materials Science"
Sue Barrell,Meteorologist,,meteorologist active in climate monitoring and ocean-earth observations,,,,,"Earth Science, Environmental Science, Materials Science"
Kirsten Benkendorff,Other,1973.0,,,,,,other
Wendy Bowman,Other,1934.0,,,,,,other
Wendy Craik,Other,1949.0,,,,,,other
Adriana Dutkiewicz,sedimentologist,,sedimentologist at the University of Sydney,,,,,other
Ann Henderson-Sellers,Other,,,,,,,other
Taryn Lane,Other,,renewable energy expert,,,,,Medicine
Judith Lean,climate scientist,,Australian-American solar and climate scientist,,,,,"Environmental Science, Materials Science"
India Logan-Riley,Activist,,MÃÂÃÂÃÂÃÂÃÂÃÂÃÂÃÂÃÂÃÂÃÂÃÂÃÂÃÂÃÂÃÂÃÂÃÂÃÂÃÂÃÂÃÂÃÂÃÂÃÂÃÂÃÂÃÂÃÂÃÂÃÂÃÂÃÂÃÂÃÂÃÂÃÂÃÂÃÂÃÂÃÂÃÂÃÂÃÂÃÂÃÂÃÂÃÂÃÂÃÂÃÂÃÂÃÂÃÂÃÂÃÂÃÂÃÂÃÂÃÂÃÂÃÂÃÂÃÂÃÂÃÂÃÂÃÂÃÂÃÂÃÂÃÂÃÂÃÂÃÂÃÂÃÂÃÂÃÂÃÂÃÂÃÂÃÂÃÂÃÂÃÂÃÂÃÂÃÂÃÂÃÂÃÂÃÂÃÂÃÂÃÂÃÂÃÂÃÂÃÂÃÂÃÂÃÂÃÂÃÂÃÂÃÂÃÂÃÂÃÂÃÂÃÂÃÂÃÂÃÂÃÂÃÂÃÂÃÂÃÂÃÂÃÂÃÂÃÂÃÂÃÂÃÂÃÂori climate activist,,,,,"Environmental Science, Materials Science"
Janice Lough,climate scientist,,climate scientist researching coral reefs,,,,,"Environmental Science, Materials Science"
Amanda Lynch,professor,,Professor at Brown University researching atmospheric and climate change science,,,,,"Earth Science, Environmental Science, Materials Science"
Cara Augustenborg,Other,,,,,,,other
Ann Henderson-Sellers,Other,1952.0,,,,,,other
Jane McAdam,Other,1974.0,,,,,,other
Helen McGregor,Geologist,,geologist and climate change researcher,,,,,"Earth Science, Mathematics, Environmental Science, Materials Science"
Amanda McKenzie,Other,,commentator on climate change,,,,,"Environmental Science, Materials Science"
Jessica Melbourne-Thomas,Ecologist,,marine ecologist and ecosystem modeller,,,,,"Medicine, Biology, Environmental Science"
Sam Mostyn,Other,1964.0,,,,,,other
Sarah Perkins-Kirkpatrick,Other,1983.0,,,,,,other
Anjali Sharma,Other,2004.0,,,,,,other
Kate Trinajstic,"paleontologist, biologist",,paleontologist and evolutionary biologist,,,,,"Earth Science, Chemistry, Biology"
Jo Vallentine,Other,1946.0,,,,,,other
Carden Wallace,"Marine Biologist, biologist",,marine biologist and museum director,,,,,"Chemistry, Biology"
Shemara Wikramanayake,Other,1962.0,,,,,,other
Penny Whetton,Other,,,,,,,other
Katherine Woodthorpe,Other,,executive involved in bushfire and natural hazards,,,,,other
Belgium,Other,,,,,,,other
Margaretha Guidone,Other,1956.0,,,,,,other
Bolivia,Other,,,,,,,other
Ximena VÃÂÃÂÃÂÃÂÃÂÃÂÃÂÃÂÃÂÃÂÃÂÃÂÃÂÃÂÃÂÃÂÃÂÃÂÃÂÃÂÃÂÃÂÃÂÃÂÃÂÃÂÃÂÃÂÃÂÃÂÃÂÃÂÃÂÃÂÃÂÃÂÃÂÃÂÃÂÃÂÃÂÃÂÃÂÃÂÃÂÃÂÃÂÃÂÃÂÃÂÃÂÃÂÃÂÃÂÃÂÃÂÃÂÃÂÃÂÃÂÃÂÃÂÃÂÃÂÃÂÃÂÃÂÃÂÃÂÃÂÃÂÃÂÃÂÃÂÃÂÃÂÃÂÃÂÃÂÃÂÃÂÃÂÃÂÃÂÃÂÃÂÃÂÃÂÃÂÃÂÃÂÃÂÃÂÃÂÃÂÃÂÃÂÃÂÃÂÃÂÃÂÃÂÃÂÃÂÃÂÃÂÃÂÃÂÃÂÃÂÃÂÃÂÃÂÃÂÃÂÃÂÃÂÃÂÃÂÃÂÃÂÃÂÃÂÃÂÃÂÃÂÃÂÃÂ©lez Liendo,Other,1976.0,,,,,,other
Brazil,Other,,,,,,,other
Rosaly Lopes,Other,1957.0,,,,,,other
AntÃÂÃÂÃÂÃÂÃÂÃÂÃÂÃÂÃÂÃÂÃÂÃÂÃÂÃÂÃÂÃÂÃÂÃÂÃÂÃÂÃÂÃÂÃÂÃÂÃÂÃÂÃÂÃÂÃÂÃÂÃÂÃÂÃÂÃÂÃÂÃÂÃÂÃÂÃÂÃÂÃÂÃÂÃÂÃÂÃÂÃÂÃÂÃÂÃÂÃÂÃÂÃÂÃÂÃÂÃÂÃÂÃÂÃÂÃÂÃÂÃÂÃÂÃÂÃÂÃÂÃÂÃÂÃÂÃÂÃÂÃÂÃÂÃÂÃÂÃÂÃÂÃÂÃÂÃÂÃÂÃÂÃÂÃÂÃÂÃÂÃÂÃÂÃÂÃÂÃÂÃÂÃÂÃÂÃÂÃÂÃÂÃÂÃÂÃÂÃÂÃÂÃÂÃÂÃÂÃÂÃÂÃÂÃÂÃÂÃÂÃÂÃÂÃÂÃÂÃÂÃÂÃÂÃÂÃÂÃÂÃÂÃÂÃÂÃÂÃÂÃÂÃÂÃÂ´nia Melo,Other,1949.0,,,,,,other
Cameroon,Other,,,,,,,other
Sevidzem Ernestine Leikeki,Other,1985.0,,,,,,other
Canada,Other,,,,,,,other
Eriel Deranger,Other,1979.0,,,,,,other
Marie-JosÃÂÃÂÃÂÃÂÃÂÃÂÃÂÃÂÃÂÃÂÃÂÃÂÃÂÃÂÃÂÃÂÃÂÃÂÃÂÃÂÃÂÃÂÃÂÃÂÃÂÃÂÃÂÃÂÃÂÃÂÃÂÃÂÃÂÃÂÃÂÃÂÃÂÃÂÃÂÃÂÃÂÃÂÃÂÃÂÃÂÃÂÃÂÃÂÃÂÃÂÃÂÃÂÃÂÃÂÃÂÃÂÃÂÃÂÃÂÃÂÃÂÃÂÃÂÃÂÃÂÃÂÃÂÃÂÃÂÃÂÃÂÃÂÃÂÃÂÃÂÃÂÃÂÃÂÃÂÃÂÃÂÃÂÃÂÃÂÃÂÃÂÃÂÃÂÃÂÃÂÃÂÃÂÃÂÃÂÃÂÃÂÃÂÃÂÃÂÃÂÃÂÃÂÃÂÃÂÃÂÃÂÃÂÃÂÃÂÃÂÃÂÃÂÃÂÃÂÃÂÃÂÃÂÃÂÃÂÃÂÃÂÃÂÃÂÃÂÃÂÃÂÃÂÃÂ©e Fortin,Other,1958.0,,,,,,other
Natalya Gomez,Other,,climate-ice sheet-solid earth modeler,,,,,"Earth Science, Environmental Science, Materials Science"
Katharine Hayhoe,Other,1972.0,global climate models,,,,,"Environmental Science, Materials Science"
Nasrin Husseini,Other,,Afghan-born refugee,,,,,other
Naomi Klein,Activist,1970.0,filmmaker and environmental activist,,,,,"Engineering, Environmental Science"
Melina Laboucan-Massimo,Activist,,climate justice and Indigenous rights activist,,,,,"Environmental Science, Materials Science"
Corinne Le QuÃÂÃÂÃÂÃÂÃÂÃÂÃÂÃÂÃÂÃÂÃÂÃÂÃÂÃÂÃÂÃÂÃÂÃÂÃÂÃÂÃÂÃÂÃÂÃÂÃÂÃÂÃÂÃÂÃÂÃÂÃÂÃÂÃÂÃÂÃÂÃÂÃÂÃÂÃÂÃÂÃÂÃÂÃÂÃÂÃÂÃÂÃÂÃÂÃÂÃÂÃÂÃÂÃÂÃÂÃÂÃÂÃÂÃÂÃÂÃÂÃÂÃÂÃÂÃÂÃÂÃÂÃÂÃÂÃÂÃÂÃÂÃÂÃÂÃÂÃÂÃÂÃÂÃÂÃÂÃÂÃÂÃÂÃÂÃÂÃÂÃÂÃÂÃÂÃÂÃÂÃÂÃÂÃÂÃÂÃÂÃÂÃÂÃÂÃÂÃÂÃÂÃÂÃÂÃÂÃÂÃÂÃÂÃÂÃÂÃÂÃÂÃÂÃÂÃÂÃÂÃÂÃÂÃÂÃÂÃÂÃÂÃÂÃÂÃÂÃÂÃÂÃÂÃÂ©rÃÂÃÂÃÂÃÂÃÂÃÂÃÂÃÂÃÂÃÂÃÂÃÂÃÂÃÂÃÂÃÂÃÂÃÂÃÂÃÂÃÂÃÂÃÂÃÂÃÂÃÂÃÂÃÂÃÂÃÂÃÂÃÂÃÂÃÂÃÂÃÂÃÂÃÂÃÂÃÂÃÂÃÂÃÂÃÂÃÂÃÂÃÂÃÂÃÂÃÂÃÂÃÂÃÂÃÂÃÂÃÂÃÂÃÂÃÂÃÂÃÂÃÂÃÂÃÂÃÂÃÂÃÂÃÂÃÂÃÂÃÂÃÂÃÂÃÂÃÂÃÂÃÂÃÂÃÂÃÂÃÂÃÂÃÂÃÂÃÂÃÂÃÂÃÂÃÂÃÂÃÂÃÂÃÂÃÂÃÂÃÂÃÂÃÂÃÂÃÂÃÂÃÂÃÂÃÂÃÂÃÂÃÂÃÂÃÂÃÂÃÂÃÂÃÂÃÂÃÂÃÂÃÂÃÂÃÂÃÂÃÂÃÂÃÂÃÂÃÂÃÂÃÂÃÂ©,Other,1966.0,University of East Anglia,,,,,other
Deborah Martin-Downs,biologist,,aquatic biologist,,,,,"Chemistry, Biology"
Line Rochefort,Ecologist,,ecologist specializing in peatland restoration,,,,,"Medicine, Biology, Environmental Science"
Marie Sanderson,Other,,,,,,,other
Chad,Other,,,,,,,other
Hindou Oumarou Ibrahim,"Activist, Geographer",,environmental activist and geographer,,,,,"Engineering, Earth Science, Mathematics, Environmental Science"
Chile,Other,,,,,,,other
Adriana Hoffmann,Other,,,,,,,other
Sara LarraÃÂÃÂÃÂÃÂÃÂÃÂÃÂÃÂÃÂÃÂÃÂÃÂÃÂÃÂÃÂÃÂÃÂÃÂÃÂÃÂÃÂÃÂÃÂÃÂÃÂÃÂÃÂÃÂÃÂÃÂÃÂÃÂÃÂÃÂÃÂÃÂÃÂÃÂÃÂÃÂÃÂÃÂÃÂÃÂÃÂÃÂÃÂÃÂÃÂÃÂÃÂÃÂÃÂÃÂÃÂÃÂÃÂÃÂÃÂÃÂÃÂÃÂÃÂÃÂÃÂÃÂÃÂÃÂÃÂÃÂÃÂÃÂÃÂÃÂÃÂÃÂÃÂÃÂÃÂÃÂÃÂÃÂÃÂÃÂÃÂÃÂÃÂÃÂÃÂÃÂÃÂÃÂÃÂÃÂÃÂÃÂÃÂÃÂÃÂÃÂÃÂÃÂÃÂÃÂÃÂÃÂÃÂÃÂÃÂÃÂÃÂÃÂÃÂÃÂÃÂÃÂÃÂÃÂÃÂÃÂÃÂÃÂÃÂÃÂÃÂÃÂÃÂÃÂ­n,Other,1962.0,,,,,,other
Veronica Vallejos,Other,,,,,,,other
China,Other,,,,,,,other
Chai Jing,Other,1976.0,,,,,,other
Howey Ou,Other,2003.0,,,,,,other
Colombia,Other,,,,,,,other
Xiomara Acevedo,Activist,,climate change activist coordinating government policy,,,,,"Environmental Science, Materials Science"
Paola Arias,Other,,climate change researcher,,,,,"Environmental Science, Materials Science"
Martha Peralta EpieyÃÂÃÂÃÂÃÂÃÂÃÂÃÂÃÂÃÂÃÂÃÂÃÂÃÂÃÂÃÂÃÂÃÂÃÂÃÂÃÂÃÂÃÂÃÂÃÂÃÂÃÂÃÂÃÂÃÂÃÂÃÂÃÂÃÂÃÂÃÂÃÂÃÂÃÂÃÂÃÂÃÂÃÂÃÂÃÂÃÂÃÂÃÂÃÂÃÂÃÂÃÂÃÂÃÂÃÂÃÂÃÂÃÂÃÂÃÂÃÂÃÂÃÂÃÂÃÂÃÂÃÂÃÂÃÂÃÂÃÂÃÂÃÂÃÂÃÂÃÂÃÂÃÂÃÂÃÂÃÂÃÂÃÂÃÂÃÂÃÂÃÂÃÂÃÂÃÂÃÂÃÂÃÂÃÂÃÂÃÂÃÂÃÂÃÂÃÂÃÂÃÂÃÂÃÂÃÂÃÂÃÂÃÂÃÂÃÂÃÂÃÂÃÂÃÂÃÂÃÂÃÂÃÂÃÂÃÂÃÂÃÂÃÂÃÂÃÂÃÂÃÂÃÂÃÂº,Other,,politician and lawyer specializing in environmental law,,,,,"Engineering, Environmental Science"
AÃÂÃÂÃÂÃÂÃÂÃÂÃÂÃÂÃÂÃÂÃÂÃÂÃÂÃÂÃÂÃÂÃÂÃÂÃÂÃÂÃÂÃÂÃÂÃÂÃÂÃÂÃÂÃÂÃÂÃÂÃÂÃÂÃÂÃÂÃÂÃÂÃÂÃÂÃÂÃÂÃÂÃÂÃÂÃÂÃÂÃÂÃÂÃÂÃÂÃÂÃÂÃÂÃÂÃÂÃÂÃÂÃÂÃÂÃÂÃÂÃÂÃÂÃÂÃÂÃÂÃÂÃÂÃÂÃÂÃÂÃÂÃÂÃÂÃÂÃÂÃÂÃÂÃÂÃÂÃÂÃÂÃÂÃÂÃÂÃÂÃÂÃÂÃÂÃÂÃÂÃÂÃÂÃÂÃÂÃÂÃÂÃÂÃÂÃÂÃÂÃÂÃÂÃÂÃÂÃÂÃÂÃÂÃÂÃÂÃÂÃÂÃÂÃÂÃÂÃÂÃÂÃÂÃÂÃÂÃÂÃÂÃÂÃÂÃÂÃÂÃÂÃÂÃÂ­da QuilcuÃÂÃÂÃÂÃÂÃÂÃÂÃÂÃÂÃÂÃÂÃÂÃÂÃÂÃÂÃÂÃÂÃÂÃÂÃÂÃÂÃÂÃÂÃÂÃÂÃÂÃÂÃÂÃÂÃÂÃÂÃÂÃÂÃÂÃÂÃÂÃÂÃÂÃÂÃÂÃÂÃÂÃÂÃÂÃÂÃÂÃÂÃÂÃÂÃÂÃÂÃÂÃÂÃÂÃÂÃÂÃÂÃÂÃÂÃÂÃÂÃÂÃÂÃÂÃÂÃÂÃÂÃÂÃÂÃÂÃÂÃÂÃÂÃÂÃÂÃÂÃÂÃÂÃÂÃÂÃÂÃÂÃÂÃÂÃÂÃÂÃÂÃÂÃÂÃÂÃÂÃÂÃÂÃÂÃÂÃÂÃÂÃÂÃÂÃÂÃÂÃÂÃÂÃÂÃÂÃÂÃÂÃÂÃÂÃÂÃÂÃÂÃÂÃÂÃÂÃÂÃÂÃÂÃÂÃÂÃÂÃÂÃÂÃÂÃÂÃÂÃÂÃÂÃÂ©,Other,1990.0,,,,,,other
Diana Marcela BolaÃÂÃÂÃÂÃÂÃÂÃÂÃÂÃÂÃÂÃÂÃÂÃÂÃÂÃÂÃÂÃÂÃÂÃÂÃÂÃÂÃÂÃÂÃÂÃÂÃÂÃÂÃÂÃÂÃÂÃÂÃÂÃÂÃÂÃÂÃÂÃÂÃÂÃÂÃÂÃÂÃÂÃÂÃÂÃÂÃÂÃÂÃÂÃÂÃÂÃÂÃÂÃÂÃÂÃÂÃÂÃÂÃÂÃÂÃÂÃÂÃÂÃÂÃÂÃÂÃÂÃÂÃÂÃÂÃÂÃÂÃÂÃÂÃÂÃÂÃÂÃÂÃÂÃÂÃÂÃÂÃÂÃÂÃÂÃÂÃÂÃÂÃÂÃÂÃÂÃÂÃÂÃÂÃÂÃÂÃÂÃÂÃÂÃÂÃÂÃÂÃÂÃÂÃÂÃÂÃÂÃÂÃÂÃÂÃÂÃÂÃÂÃÂÃÂÃÂÃÂÃÂÃÂÃÂÃÂÃÂÃÂÃÂÃÂÃÂÃÂÃÂÃÂÃÂ±os Rodriguez,Other,1981.0,,,,,,other
Costa Rica,Other,,,,,,,other
Christiana Figueres,Other,1956.0,,,,,,other
Denmark,Other,,,,,,,other
Inger Andersen,Environmentalist,,Danish environmentalist,,,,,"Engineering, Environmental Science"
Inger Andersen,Other,1958.0,,,,,,other
Lone DrÃÂÃÂÃÂÃÂÃÂÃÂÃÂÃÂÃÂÃÂÃÂÃÂÃÂÃÂÃÂÃÂÃÂÃÂÃÂÃÂÃÂÃÂÃÂÃÂÃÂÃÂÃÂÃÂÃÂÃÂÃÂÃÂÃÂÃÂÃÂÃÂÃÂÃÂÃÂÃÂÃÂÃÂÃÂÃÂÃÂÃÂÃÂÃÂÃÂÃÂÃÂÃÂÃÂÃÂÃÂÃÂÃÂÃÂÃÂÃÂÃÂÃÂÃÂÃÂÃÂÃÂÃÂÃÂÃÂÃÂÃÂÃÂÃÂÃÂÃÂÃÂÃÂÃÂÃÂÃÂÃÂÃÂÃÂÃÂÃÂÃÂÃÂÃÂÃÂÃÂÃÂÃÂÃÂÃÂÃÂÃÂÃÂÃÂÃÂÃÂÃÂÃÂÃÂÃÂÃÂÃÂÃÂÃÂÃÂÃÂÃÂÃÂÃÂÃÂÃÂÃÂÃÂÃÂÃÂÃÂÃÂÃÂÃÂÃÂÃÂÃÂÃÂÃÂ¸scher Nielsen,Other,1984.0,,,,,,other
Inge Lehmann,Other,,,,,,,other
Signe Normand,biologist,,biologist researching vegetation in the arctic tundra,,,,,"Chemistry, Biology"
Dominican Republic,Other,,,,,,,other
Idelisa Bonnelly,Other,,,,,,,other
Ecuador,Other,,,,,,,other
Anita Rivas,Other,1972.0,,,,,,other
Fiji,Other,,,,,,,other
Kavita Naidu,Other,,lawyer working on international climate change law,,,,,"Environmental Science, Materials Science"
Finland,Other,,,,,,,other
Hanna Kokko,Other,1971.0,,,,,,other
France,Other,,,,,,,other
HÃÂÃÂÃÂÃÂÃÂÃÂÃÂÃÂÃÂÃÂÃÂÃÂÃÂÃÂÃÂÃÂÃÂÃÂÃÂÃÂÃÂÃÂÃÂÃÂÃÂÃÂÃÂÃÂÃÂÃÂÃÂÃÂÃÂÃÂÃÂÃÂÃÂÃÂÃÂÃÂÃÂÃÂÃÂÃÂÃÂÃÂÃÂÃÂÃÂÃÂÃÂÃÂÃÂÃÂÃÂÃÂÃÂÃÂÃÂÃÂÃÂÃÂÃÂÃÂÃÂÃÂÃÂÃÂÃÂÃÂÃÂÃÂÃÂÃÂÃÂÃÂÃÂÃÂÃÂÃÂÃÂÃÂÃÂÃÂÃÂÃÂÃÂÃÂÃÂÃÂÃÂÃÂÃÂÃÂÃÂÃÂÃÂÃÂÃÂÃÂÃÂÃÂÃÂÃÂÃÂÃÂÃÂÃÂÃÂÃÂÃÂÃÂÃÂÃÂÃÂÃÂÃÂÃÂÃÂÃÂÃÂÃÂÃÂÃÂÃÂÃÂÃÂÃÂ©lÃÂÃÂÃÂÃÂÃÂÃÂÃÂÃÂÃÂÃÂÃÂÃÂÃÂÃÂÃÂÃÂÃÂÃÂÃÂÃÂÃÂÃÂÃÂÃÂÃÂÃÂÃÂÃÂÃÂÃÂÃÂÃÂÃÂÃÂÃÂÃÂÃÂÃÂÃÂÃÂÃÂÃÂÃÂÃÂÃÂÃÂÃÂÃÂÃÂÃÂÃÂÃÂÃÂÃÂÃÂÃÂÃÂÃÂÃÂÃÂÃÂÃÂÃÂÃÂÃÂÃÂÃÂÃÂÃÂÃÂÃÂÃÂÃÂÃÂÃÂÃÂÃÂÃÂÃÂÃÂÃÂÃÂÃÂÃÂÃÂÃÂÃÂÃÂÃÂÃÂÃÂÃÂÃÂÃÂÃÂÃÂÃÂÃÂÃÂÃÂÃÂÃÂÃÂÃÂÃÂÃÂÃÂÃÂÃÂÃÂÃÂÃÂÃÂÃÂÃÂÃÂÃÂÃÂÃÂÃÂÃÂÃÂÃÂÃÂÃÂÃÂÃÂÃÂ¨ne BergÃÂÃÂÃÂÃÂÃÂÃÂÃÂÃÂÃÂÃÂÃÂÃÂÃÂÃÂÃÂÃÂÃÂÃÂÃÂÃÂÃÂÃÂÃÂÃÂÃÂÃÂÃÂÃÂÃÂÃÂÃÂÃÂÃÂÃÂÃÂÃÂÃÂÃÂÃÂÃÂÃÂÃÂÃÂÃÂÃÂÃÂÃÂÃÂÃÂÃÂÃÂÃÂÃÂÃÂÃÂÃÂÃÂÃÂÃÂÃÂÃÂÃÂÃÂÃÂÃÂÃÂÃÂÃÂÃÂÃÂÃÂÃÂÃÂÃÂÃÂÃÂÃÂÃÂÃÂÃÂÃÂÃÂÃÂÃÂÃÂÃÂÃÂÃÂÃÂÃÂÃÂÃÂÃÂÃÂÃÂÃÂÃÂÃÂÃÂÃÂÃÂÃÂÃÂÃÂÃÂÃÂÃÂÃÂÃÂÃÂÃÂÃÂÃÂÃÂÃÂÃÂÃÂÃÂÃÂÃÂÃÂÃÂÃÂÃÂÃÂÃÂÃÂÃÂ¨s,Other,1966.0,,,,,,other
Pascale Braconnot,climate scientist,,climate scientist,,,,,"Environmental Science, Materials Science"
ValÃÂÃÂÃÂÃÂÃÂÃÂÃÂÃÂÃÂÃÂÃÂÃÂÃÂÃÂÃÂÃÂÃÂÃÂÃÂÃÂÃÂÃÂÃÂÃÂÃÂÃÂÃÂÃÂÃÂÃÂÃÂÃÂÃÂÃÂÃÂÃÂÃÂÃÂÃÂÃÂÃÂÃÂÃÂÃÂÃÂÃÂÃÂÃÂÃÂÃÂÃÂÃÂÃÂÃÂÃÂÃÂÃÂÃÂÃÂÃÂÃÂÃÂÃÂÃÂÃÂÃÂÃÂÃÂÃÂÃÂÃÂÃÂÃÂÃÂÃÂÃÂÃÂÃÂÃÂÃÂÃÂÃÂÃÂÃÂÃÂÃÂÃÂÃÂÃÂÃÂÃÂÃÂÃÂÃÂÃÂÃÂÃÂÃÂÃÂÃÂÃÂÃÂÃÂÃÂÃÂÃÂÃÂÃÂÃÂÃÂÃÂÃÂÃÂÃÂÃÂÃÂÃÂÃÂÃÂÃÂÃÂÃÂÃÂÃÂÃÂÃÂÃÂÃÂ©rie Cabanes,Other,1969.0,,,,,,other
Anny Cazenave,Other,1944.0,,,,,,other
FranÃÂÃÂÃÂÃÂÃÂÃÂÃÂÃÂÃÂÃÂÃÂÃÂÃÂÃÂÃÂÃÂÃÂÃÂÃÂÃÂÃÂÃÂÃÂÃÂÃÂÃÂÃÂÃÂÃÂÃÂÃÂÃÂÃÂÃÂÃÂÃÂÃÂÃÂÃÂÃÂÃÂÃÂÃÂÃÂÃÂÃÂÃÂÃÂÃÂÃÂÃÂÃÂÃÂÃÂÃÂÃÂÃÂÃÂÃÂÃÂÃÂÃÂÃÂÃÂÃÂÃÂÃÂÃÂÃÂÃÂÃÂÃÂÃÂÃÂÃÂÃÂÃÂÃÂÃÂÃÂÃÂÃÂÃÂÃÂÃÂÃÂÃÂÃÂÃÂÃÂÃÂÃÂÃÂÃÂÃÂÃÂÃÂÃÂÃÂÃÂÃÂÃÂÃÂÃÂÃÂÃÂÃÂÃÂÃÂÃÂÃÂÃÂÃÂÃÂÃÂÃÂÃÂÃÂÃÂÃÂÃÂÃÂÃÂÃÂÃÂÃÂÃÂÃÂ§oise Gasse,Other,,,,,,,other
Amaelle Landais-IsraÃÂÃÂÃÂÃÂÃÂÃÂÃÂÃÂÃÂÃÂÃÂÃÂÃÂÃÂÃÂÃÂÃÂÃÂÃÂÃÂÃÂÃÂÃÂÃÂÃÂÃÂÃÂÃÂÃÂÃÂÃÂÃÂÃÂÃÂÃÂÃÂÃÂÃÂÃÂÃÂÃÂÃÂÃÂÃÂÃÂÃÂÃÂÃÂÃÂÃÂÃÂÃÂÃÂÃÂÃÂÃÂÃÂÃÂÃÂÃÂÃÂÃÂÃÂÃÂÃÂÃÂÃÂÃÂÃÂÃÂÃÂÃÂÃÂÃÂÃÂÃÂÃÂÃÂÃÂÃÂÃÂÃÂÃÂÃÂÃÂÃÂÃÂÃÂÃÂÃÂÃÂÃÂÃÂÃÂÃÂÃÂÃÂÃÂÃÂÃÂÃÂÃÂÃÂÃÂÃÂÃÂÃÂÃÂÃÂÃÂÃÂÃÂÃÂÃÂÃÂÃÂÃÂÃÂÃÂÃÂÃÂÃÂÃÂÃÂÃÂÃÂÃÂÃÂ«l,Other,1977.0,,,,,,other
Marguerite Augusta Marie LÃÂÃÂÃÂÃÂÃÂÃÂÃÂÃÂÃÂÃÂÃÂÃÂÃÂÃÂÃÂÃÂÃÂÃÂÃÂÃÂÃÂÃÂÃÂÃÂÃÂÃÂÃÂÃÂÃÂÃÂÃÂÃÂÃÂÃÂÃÂÃÂÃÂÃÂÃÂÃÂÃÂÃÂÃÂÃÂÃÂÃÂÃÂÃÂÃÂÃÂÃÂÃÂÃÂÃÂÃÂÃÂÃÂÃÂÃÂÃÂÃÂÃÂÃÂÃÂÃÂÃÂÃÂÃÂÃÂÃÂÃÂÃÂÃÂÃÂÃÂÃÂÃÂÃÂÃÂÃÂÃÂÃÂÃÂÃÂÃÂÃÂÃÂÃÂÃÂÃÂÃÂÃÂÃÂÃÂÃÂÃÂÃÂÃÂÃÂÃÂÃÂÃÂÃÂÃÂÃÂÃÂÃÂÃÂÃÂÃÂÃÂÃÂÃÂÃÂÃÂÃÂÃÂÃÂÃÂÃÂÃÂÃÂÃÂÃÂÃÂÃÂÃÂÃÂ¶wenhielm,mycologist,,mycologist studying the effectiveness of American grapevine against harmful insect pest,,,,,Medicine
Valerie Masson-Delmotte,Other,,focus on paleoclimatology at the Climate and Environment Sciences Laboratory,,,,,"Earth Science, Environmental Science, Materials Science"
AnaÃÂÃÂÃÂÃÂÃÂÃÂÃÂÃÂÃÂÃÂÃÂÃÂÃÂÃÂÃÂÃÂÃÂÃÂÃÂÃÂÃÂÃÂÃÂÃÂÃÂÃÂÃÂÃÂÃÂÃÂÃÂÃÂÃÂÃÂÃÂÃÂÃÂÃÂÃÂÃÂÃÂÃÂÃÂÃÂÃÂÃÂÃÂÃÂÃÂÃÂÃÂÃÂÃÂÃÂÃÂÃÂÃÂÃÂÃÂÃÂÃÂÃÂÃÂÃÂÃÂÃÂÃÂÃÂÃÂÃÂÃÂÃÂÃÂÃÂÃÂÃÂÃÂÃÂÃÂÃÂÃÂÃÂÃÂÃÂÃÂÃÂÃÂÃÂÃÂÃÂÃÂÃÂÃÂÃÂÃÂÃÂÃÂÃÂÃÂÃÂÃÂÃÂÃÂÃÂÃÂÃÂÃÂÃÂÃÂÃÂÃÂÃÂÃÂÃÂÃÂÃÂÃÂÃÂÃÂÃÂÃÂÃÂÃÂÃÂÃÂÃÂÃÂÃÂ¯s Orsi,climate scientist,,climate scientist studying global warming through changes in polar ice,,,,,"Environmental Science, Materials Science"
Magali Reghezza-Zitt,Geographer,,geographer and co-director of the Centre de formation sur l'environnement et la sociÃÂÃÂÃÂÃÂÃÂÃÂÃÂÃÂÃÂÃÂÃÂÃÂÃÂÃÂÃÂÃÂÃÂÃÂÃÂÃÂÃÂÃÂÃÂÃÂÃÂÃÂÃÂÃÂÃÂÃÂÃÂÃÂÃÂÃÂÃÂÃÂÃÂÃÂÃÂÃÂÃÂÃÂÃÂÃÂÃÂÃÂÃÂÃÂÃÂÃÂÃÂÃÂÃÂÃÂÃÂÃÂÃÂÃÂÃÂÃÂÃÂÃÂÃÂÃÂÃÂÃÂÃÂÃÂÃÂÃÂÃÂÃÂÃÂÃÂÃÂÃÂÃÂÃÂÃÂÃÂÃÂÃÂÃÂÃÂÃÂÃÂÃÂÃÂÃÂÃÂÃÂÃÂÃÂÃÂÃÂÃÂÃÂÃÂÃÂÃÂÃÂÃÂÃÂÃÂÃÂÃÂÃÂÃÂÃÂÃÂÃÂÃÂÃÂÃÂÃÂÃÂÃÂÃÂÃÂÃÂÃÂÃÂÃÂÃÂÃÂÃÂÃÂÃÂ©tÃÂÃÂÃÂÃÂÃÂÃÂÃÂÃÂÃÂÃÂÃÂÃÂÃÂÃÂÃÂÃÂÃÂÃÂÃÂÃÂÃÂÃÂÃÂÃÂÃÂÃÂÃÂÃÂÃÂÃÂÃÂÃÂÃÂÃÂÃÂÃÂÃÂÃÂÃÂÃÂÃÂÃÂÃÂÃÂÃÂÃÂÃÂÃÂÃÂÃÂÃÂÃÂÃÂÃÂÃÂÃÂÃÂÃÂÃÂÃÂÃÂÃÂÃÂÃÂÃÂÃÂÃÂÃÂÃÂÃÂÃÂÃÂÃÂÃÂÃÂÃÂÃÂÃÂÃÂÃÂÃÂÃÂÃÂÃÂÃÂÃÂÃÂÃÂÃÂÃÂÃÂÃÂÃÂÃÂÃÂÃÂÃÂÃÂÃÂÃÂÃÂÃÂÃÂÃÂÃÂÃÂÃÂÃÂÃÂÃÂÃÂÃÂÃÂÃÂÃÂÃÂÃÂÃÂÃÂÃÂÃÂÃÂÃÂÃÂÃÂÃÂÃÂÃÂ© at the ÃÂÃÂÃÂÃÂÃÂÃÂÃÂÃÂÃÂÃÂÃÂÃÂÃÂÃÂÃÂÃÂÃÂÃÂÃÂÃÂÃÂÃÂÃÂÃÂÃÂÃÂÃÂÃÂÃÂÃÂÃÂÃÂÃÂÃÂÃÂÃÂÃÂÃÂÃÂÃÂÃÂÃÂÃÂÃÂÃÂÃÂÃÂÃÂÃÂÃÂÃÂÃÂÃÂÃÂÃÂÃÂÃÂÃÂÃÂÃÂÃÂÃÂÃÂÃÂÃÂÃÂÃÂÃÂÃÂÃÂÃÂÃÂÃÂÃÂÃÂÃÂÃÂÃÂÃÂÃÂÃÂÃÂÃÂÃÂÃÂÃÂÃÂÃÂÃÂÃÂÃÂÃÂÃÂÃÂÃÂÃÂÃÂÃÂÃÂÃÂÃÂÃÂÃÂÃÂÃÂÃÂÃÂÃÂÃÂÃÂÃÂÃÂÃÂÃÂÃÂÃÂÃÂÃÂÃÂÃÂÃÂÃÂÃÂÃÂÃÂÃÂÃÂÃÂcole normale supÃÂÃÂÃÂÃÂÃÂÃÂÃÂÃÂÃÂÃÂÃÂÃÂÃÂÃÂÃÂÃÂÃÂÃÂÃÂÃÂÃÂÃÂÃÂÃÂÃÂÃÂÃÂÃÂÃÂÃÂÃÂÃÂÃÂÃÂÃÂÃÂÃÂÃÂÃÂÃÂÃÂÃÂÃÂÃÂÃÂÃÂÃÂÃÂÃÂÃÂÃÂÃÂÃÂÃÂÃÂÃÂÃÂÃÂÃÂÃÂÃÂÃÂÃÂÃÂÃÂÃÂÃÂÃÂÃÂÃÂÃÂÃÂÃÂÃÂÃÂÃÂÃÂÃÂÃÂÃÂÃÂÃÂÃÂÃÂÃÂÃÂÃÂÃÂÃÂÃÂÃÂÃÂÃÂÃÂÃÂÃÂÃÂÃÂÃÂÃÂÃÂÃÂÃÂÃÂÃÂÃÂÃÂÃÂÃÂÃÂÃÂÃÂÃÂÃÂÃÂÃÂÃÂÃÂÃÂÃÂÃÂÃÂÃÂÃÂÃÂÃÂÃÂÃÂ©rieure. Her work focuses on the notions of risk and crisis,,,,,"Earth Science, Mathematics, Environmental Science, Materials Science"
Catherine Ritz,Other,,Antarctic researcher working on ice sheets and rise in sea level,,,,,other
FranÃÂÃÂÃÂÃÂÃÂÃÂÃÂÃÂÃÂÃÂÃÂÃÂÃÂÃÂÃÂÃÂÃÂÃÂÃÂÃÂÃÂÃÂÃÂÃÂÃÂÃÂÃÂÃÂÃÂÃÂÃÂÃÂÃÂÃÂÃÂÃÂÃÂÃÂÃÂÃÂÃÂÃÂÃÂÃÂÃÂÃÂÃÂÃÂÃÂÃÂÃÂÃÂÃÂÃÂÃÂÃÂÃÂÃÂÃÂÃÂÃÂÃÂÃÂÃÂÃÂÃÂÃÂÃÂÃÂÃÂÃÂÃÂÃÂÃÂÃÂÃÂÃÂÃÂÃÂÃÂÃÂÃÂÃÂÃÂÃÂÃÂÃÂÃÂÃÂÃÂÃÂÃÂÃÂÃÂÃÂÃÂÃÂÃÂÃÂÃÂÃÂÃÂÃÂÃÂÃÂÃÂÃÂÃÂÃÂÃÂÃÂÃÂÃÂÃÂÃÂÃÂÃÂÃÂÃÂÃÂÃÂÃÂÃÂÃÂÃÂÃÂÃÂÃÂ§oise Vimeux,Other,,climatologist,,,,,"Environmental Science, Materials Science"
Germany,Other,,,,,,,other
Silvia Bender,Other,1970.0,,,,,,other
Nancy Bertler,Other,,Antarctic researcher investigating climate history,,,,,"Environmental Science, Materials Science"
Lina Eichler,Other,2002.0,,,,,,other
Sabine Fuss,climate scientist,,climate scientist focusing on sustainable resource management,,,,,"Environmental Science, Materials Science"
Ulrike Lohmann,Other,1966.0,,,,,,other
Katrin Meissner,"climate scientist, Oceanographer",,German and Australian physical oceanographer and climate scientist,,,,,"Physics, Environmental Science, Materials Science"
Friederike Otto,Other,1982.0,associate director of the Environmental Change Institute,,,,,"Engineering, Environmental Science"
Ricarda Winkelmann,Other,1985.0,land ice and the ocean,,,,,other
Kirsten Zickfeld,Physicist,,climate physicist now based in Canada,,,,,"Physics, Environmental Science, Materials Science"
Ghana,Other,,,,,,,other
Nana Klutse,Other,1981.0,,,,,,other
Guatemala,Other,,,,,,,other
Nicole Hernandez Hammer,climate scientist,,Guatemalan-American climate scientist studying sea level rise,,,,,"Environmental Science, Materials Science"
Guinea-Bissau,Other,,,,,,,other
Augusta Henriques,Other,1991.0,,,,,,other
Honduras,Other,,,,,,,other
Berta CÃÂÃÂÃÂÃÂÃÂÃÂÃÂÃÂÃÂÃÂÃÂÃÂÃÂÃÂÃÂÃÂÃÂÃÂÃÂÃÂÃÂÃÂÃÂÃÂÃÂÃÂÃÂÃÂÃÂÃÂÃÂÃÂÃÂÃÂÃÂÃÂÃÂÃÂÃÂÃÂÃÂÃÂÃÂÃÂÃÂÃÂÃÂÃÂÃÂÃÂÃÂÃÂÃÂÃÂÃÂÃÂÃÂÃÂÃÂÃÂÃÂÃÂÃÂÃÂÃÂÃÂÃÂÃÂÃÂÃÂÃÂÃÂÃÂÃÂÃÂÃÂÃÂÃÂÃÂÃÂÃÂÃÂÃÂÃÂÃÂÃÂÃÂÃÂÃÂÃÂÃÂÃÂÃÂÃÂÃÂÃÂÃÂÃÂÃÂÃÂÃÂÃÂÃÂÃÂÃÂÃÂÃÂÃÂÃÂÃÂÃÂÃÂÃÂÃÂÃÂÃÂÃÂÃÂÃÂÃÂÃÂÃÂÃÂÃÂÃÂÃÂÃÂÃÂ¡ceres,Other,,,,,,,other
Iceland,Other,,,,,,,other
SigrÃÂÃÂÃÂÃÂÃÂÃÂÃÂÃÂÃÂÃÂÃÂÃÂÃÂÃÂÃÂÃÂÃÂÃÂÃÂÃÂÃÂÃÂÃÂÃÂÃÂÃÂÃÂÃÂÃÂÃÂÃÂÃÂÃÂÃÂÃÂÃÂÃÂÃÂÃÂÃÂÃÂÃÂÃÂÃÂÃÂÃÂÃÂÃÂÃÂÃÂÃÂÃÂÃÂÃÂÃÂÃÂÃÂÃÂÃÂÃÂÃÂÃÂÃÂÃÂÃÂÃÂÃÂÃÂÃÂÃÂÃÂÃÂÃÂÃÂÃÂÃÂÃÂÃÂÃÂÃÂÃÂÃÂÃÂÃÂÃÂÃÂÃÂÃÂÃÂÃÂÃÂÃÂÃÂÃÂÃÂÃÂÃÂÃÂÃÂÃÂÃÂÃÂÃÂÃÂÃÂÃÂÃÂÃÂÃÂÃÂÃÂÃÂÃÂÃÂÃÂÃÂÃÂÃÂÃÂÃÂÃÂÃÂÃÂÃÂÃÂÃÂÃÂÃÂ­ÃÂÃÂÃÂÃÂÃÂÃÂÃÂÃÂÃÂÃÂÃÂÃÂÃÂÃÂÃÂÃÂÃÂÃÂÃÂÃÂÃÂÃÂÃÂÃÂÃÂÃÂÃÂÃÂÃÂÃÂÃÂÃÂÃÂÃÂÃÂÃÂÃÂÃÂÃÂÃÂÃÂÃÂÃÂÃÂÃÂÃÂÃÂÃÂÃÂÃÂÃÂÃÂÃÂÃÂÃÂÃÂÃÂÃÂÃÂÃÂÃÂÃÂÃÂÃÂÃÂÃÂÃÂÃÂÃÂÃÂÃÂÃÂÃÂÃÂÃÂÃÂÃÂÃÂÃÂÃÂÃÂÃÂÃÂÃÂÃÂÃÂÃÂÃÂÃÂÃÂÃÂÃÂÃÂÃÂÃÂÃÂÃÂÃÂÃÂÃÂÃÂÃÂÃÂÃÂÃÂÃÂÃÂÃÂÃÂÃÂÃÂÃÂÃÂÃÂÃÂÃÂÃÂÃÂÃÂÃÂÃÂÃÂÃÂÃÂÃÂÃÂÃÂÃÂ°ur TÃÂÃÂÃÂÃÂÃÂÃÂÃÂÃÂÃÂÃÂÃÂÃÂÃÂÃÂÃÂÃÂÃÂÃÂÃÂÃÂÃÂÃÂÃÂÃÂÃÂÃÂÃÂÃÂÃÂÃÂÃÂÃÂÃÂÃÂÃÂÃÂÃÂÃÂÃÂÃÂÃÂÃÂÃÂÃÂÃÂÃÂÃÂÃÂÃÂÃÂÃÂÃÂÃÂÃÂÃÂÃÂÃÂÃÂÃÂÃÂÃÂÃÂÃÂÃÂÃÂÃÂÃÂÃÂÃÂÃÂÃÂÃÂÃÂÃÂÃÂÃÂÃÂÃÂÃÂÃÂÃÂÃÂÃÂÃÂÃÂÃÂÃÂÃÂÃÂÃÂÃÂÃÂÃÂÃÂÃÂÃÂÃÂÃÂÃÂÃÂÃÂÃÂÃÂÃÂÃÂÃÂÃÂÃÂÃÂÃÂÃÂÃÂÃÂÃÂÃÂÃÂÃÂÃÂÃÂÃÂÃÂÃÂÃÂÃÂÃÂÃÂÃÂÃÂ³masdÃÂÃÂÃÂÃÂÃÂÃÂÃÂÃÂÃÂÃÂÃÂÃÂÃÂÃÂÃÂÃÂÃÂÃÂÃÂÃÂÃÂÃÂÃÂÃÂÃÂÃÂÃÂÃÂÃÂÃÂÃÂÃÂÃÂÃÂÃÂÃÂÃÂÃÂÃÂÃÂÃÂÃÂÃÂÃÂÃÂÃÂÃÂÃÂÃÂÃÂÃÂÃÂÃÂÃÂÃÂÃÂÃÂÃÂÃÂÃÂÃÂÃÂÃÂÃÂÃÂÃÂÃÂÃÂÃÂÃÂÃÂÃÂÃÂÃÂÃÂÃÂÃÂÃÂÃÂÃÂÃÂÃÂÃÂÃÂÃÂÃÂÃÂÃÂÃÂÃÂÃÂÃÂÃÂÃÂÃÂÃÂÃÂÃÂÃÂÃÂÃÂÃÂÃÂÃÂÃÂÃÂÃÂÃÂÃÂÃÂÃÂÃÂÃÂÃÂÃÂÃÂÃÂÃÂÃÂÃÂÃÂÃÂÃÂÃÂÃÂÃÂÃÂÃÂ³ttir,Other,,,,,,,other
India,Other,,,,,,,other
Indian climate change activist Sunita Narain,Other,,,,,,,other
Sulochana Gadgil,Other,1944.0,,,,,,other
Paramjit Khurana,Other,1956.0,,,,,,other
Sunita Narain,Activist,1961.0,clean energy advocate and political activist,,,,,other
Medha Patkar,"Activist, Environmentalist",1964.0,rights activist and environmentalist,,,,,"Engineering, Environmental Science"
Indonesia,Other,,,,,,,other
Yuyun Ismawati,Other,1964.0,,,,,,other
Mia Krisna Pratiwi,Other,1996.0,,,,,,other
Swietenia Puspa Lestari,Other,1994.0,,,,,,other
Ireland,Other,,,,,,,other
Tara Shine,Environmental Scientist,,Irish environmental scientist,,,,,"Engineering, Environmental Science"
Anna Kernahan,Activist,,climate activist,,,,,"Environmental Science, Materials Science"
Cara Augustenborg,Other,1978.0,also has US citizenship,,,,,other
Karin Dubsky,Other,1954.0,,,,,,other
Tara Shine,Environmental Scientist,,environmental scientist,,,,,"Engineering, Environmental Science"
Italy,Other,,,,,,,other
Simona Bordoni,Other,1972.0,,,,,,other
Nicola Scafetta,Other,1975.0,,,,,,other
Kenya,Other,,,,,,,other
Kenyan activist Wangari Maathai,Other,,,,,,,other
Wangari Maathai,Other,,Nobel Peace Prize winner,,,,,other
Laos,Other,,,,,,,other
Niane Sivongxay,Zoologist,,zoologist specializing in zooplankton and amphibians,,,,,other
Madagascar,Other,,,,,,,other
Marie Christina Kolo,Other,1989.0,,,,,,other
Julie Hanta Razafimanahaka,biologist,,conservation biologist,,,,,"Chemistry, Biology"
Marshall Islands,Other,,,,,,,other
Kathy JetnÃÂÃÂÃÂÃÂÃÂÃÂÃÂÃÂÃÂÃÂÃÂÃÂÃÂÃÂÃÂÃÂÃÂÃÂÃÂÃÂÃÂÃÂÃÂÃÂÃÂÃÂÃÂÃÂÃÂÃÂÃÂÃÂÃÂÃÂÃÂÃÂÃÂÃÂÃÂÃÂÃÂÃÂÃÂÃÂÃÂÃÂÃÂÃÂÃÂÃÂÃÂÃÂÃÂÃÂÃÂÃÂÃÂÃÂÃÂÃÂÃÂÃÂÃÂÃÂÃÂÃÂÃÂÃÂÃÂÃÂÃÂÃÂÃÂÃÂÃÂÃÂÃÂÃÂÃÂÃÂÃÂÃÂÃÂÃÂÃÂÃÂÃÂÃÂÃÂÃÂÃÂÃÂÃÂÃÂÃÂÃÂÃÂÃÂÃÂÃÂÃÂÃÂÃÂÃÂÃÂÃÂÃÂÃÂÃÂÃÂÃÂÃÂÃÂÃÂÃÂÃÂÃÂÃÂÃÂÃÂÃÂÃÂÃÂÃÂÃÂÃÂÃÂÃÂil-Kijiner,Activist,,poet and climate change activist,,,,,"Environmental Science, Materials Science"
Selina Leem,Activist,,climate change activist and spoken word performer,,,,,"Environmental Science, Materials Science"
Mexico,Other,,,,,,,other
MarÃÂÃÂÃÂÃÂÃÂÃÂÃÂÃÂÃÂÃÂÃÂÃÂÃÂÃÂÃÂÃÂÃÂÃÂÃÂÃÂÃÂÃÂÃÂÃÂÃÂÃÂÃÂÃÂÃÂÃÂÃÂÃÂÃÂÃÂÃÂÃÂÃÂÃÂÃÂÃÂÃÂÃÂÃÂÃÂÃÂÃÂÃÂÃÂÃÂÃÂÃÂÃÂÃÂÃÂÃÂÃÂÃÂÃÂÃÂÃÂÃÂÃÂÃÂÃÂÃÂÃÂÃÂÃÂÃÂÃÂÃÂÃÂÃÂÃÂÃÂÃÂÃÂÃÂÃÂÃÂÃÂÃÂÃÂÃÂÃÂÃÂÃÂÃÂÃÂÃÂÃÂÃÂÃÂÃÂÃÂÃÂÃÂÃÂÃÂÃÂÃÂÃÂÃÂÃÂÃÂÃÂÃÂÃÂÃÂÃÂÃÂÃÂÃÂÃÂÃÂÃÂÃÂÃÂÃÂÃÂÃÂÃÂÃÂÃÂÃÂÃÂÃÂÃÂ­a Elena Caso,Other,,,,,,,other
Enriqueta Legorreta,Other,,,,,,,other
Enriqueta MedellÃÂÃÂÃÂÃÂÃÂÃÂÃÂÃÂÃÂÃÂÃÂÃÂÃÂÃÂÃÂÃÂÃÂÃÂÃÂÃÂÃÂÃÂÃÂÃÂÃÂÃÂÃÂÃÂÃÂÃÂÃÂÃÂÃÂÃÂÃÂÃÂÃÂÃÂÃÂÃÂÃÂÃÂÃÂÃÂÃÂÃÂÃÂÃÂÃÂÃÂÃÂÃÂÃÂÃÂÃÂÃÂÃÂÃÂÃÂÃÂÃÂÃÂÃÂÃÂÃÂÃÂÃÂÃÂÃÂÃÂÃÂÃÂÃÂÃÂÃÂÃÂÃÂÃÂÃÂÃÂÃÂÃÂÃÂÃÂÃÂÃÂÃÂÃÂÃÂÃÂÃÂÃÂÃÂÃÂÃÂÃÂÃÂÃÂÃÂÃÂÃÂÃÂÃÂÃÂÃÂÃÂÃÂÃÂÃÂÃÂÃÂÃÂÃÂÃÂÃÂÃÂÃÂÃÂÃÂÃÂÃÂÃÂÃÂÃÂÃÂÃÂÃÂÃÂ­n,Other,,the Premio al MÃÂÃÂÃÂÃÂÃÂÃÂÃÂÃÂÃÂÃÂÃÂÃÂÃÂÃÂÃÂÃÂÃÂÃÂÃÂÃÂÃÂÃÂÃÂÃÂÃÂÃÂÃÂÃÂÃÂÃÂÃÂÃÂÃÂÃÂÃÂÃÂÃÂÃÂÃÂÃÂÃÂÃÂÃÂÃÂÃÂÃÂÃÂÃÂÃÂÃÂÃÂÃÂÃÂÃÂÃÂÃÂÃÂÃÂÃÂÃÂÃÂÃÂÃÂÃÂÃÂÃÂÃÂÃÂÃÂÃÂÃÂÃÂÃÂÃÂÃÂÃÂÃÂÃÂÃÂÃÂÃÂÃÂÃÂÃÂÃÂÃÂÃÂÃÂÃÂÃÂÃÂÃÂÃÂÃÂÃÂÃÂÃÂÃÂÃÂÃÂÃÂÃÂÃÂÃÂÃÂÃÂÃÂÃÂÃÂÃÂÃÂÃÂÃÂÃÂÃÂÃÂÃÂÃÂÃÂÃÂÃÂÃÂÃÂÃÂÃÂÃÂÃÂÃÂ©rito EcolÃÂÃÂÃÂÃÂÃÂÃÂÃÂÃÂÃÂÃÂÃÂÃÂÃÂÃÂÃÂÃÂÃÂÃÂÃÂÃÂÃÂÃÂÃÂÃÂÃÂÃÂÃÂÃÂÃÂÃÂÃÂÃÂÃÂÃÂÃÂÃÂÃÂÃÂÃÂÃÂÃÂÃÂÃÂÃÂÃÂÃÂÃÂÃÂÃÂÃÂÃÂÃÂÃÂÃÂÃÂÃÂÃÂÃÂÃÂÃÂÃÂÃÂÃÂÃÂÃÂÃÂÃÂÃÂÃÂÃÂÃÂÃÂÃÂÃÂÃÂÃÂÃÂÃÂÃÂÃÂÃÂÃÂÃÂÃÂÃÂÃÂÃÂÃÂÃÂÃÂÃÂÃÂÃÂÃÂÃÂÃÂÃÂÃÂÃÂÃÂÃÂÃÂÃÂÃÂÃÂÃÂÃÂÃÂÃÂÃÂÃÂÃÂÃÂÃÂÃÂÃÂÃÂÃÂÃÂÃÂÃÂÃÂÃÂÃÂÃÂÃÂÃÂÃÂ³gico in 2012,,,,,"Biology, Environmental Science"
Netherlands,Other,,,,,,,other
Elisabeth Gottschalk,Other,,,,,,,other
Saskia Ozinga,Other,1960.0,,,,,,other
New Zealand,Other,,,,,,,other
Gillian Wratt,Other,,New Zealand Arctic researcher,,,,,other
Rosemary Askin,Other,1949.0,Antarctic researcher,,,,,other
Helen Plume,Other,,ministerial climate change expert,,,,,"Environmental Science, Materials Science"
Gillian Wratt,Other,1954.0,,,,,,other
Niger,Other,,,,,,,other
Mariama Mamane,Environmentalist,,environmentalist focusing on the ecology of rivers,,,,,"Medicine, Engineering, Biology, Environmental Science"
Nigeria,Other,,,,,,,other
Francisca Oboh Ikuenobe,Geologist,,geologist specializing in palynology and sedimentology,,,,,"Earth Science, Mathematics"
Eucharia Oluchi Nwaichi,"chemist, Biochemist",,environmental biochemist,,,,,"Engineering, Chemistry, Biology, Environmental Science"
Margaret Adebisi Sowunmi,"Botanist, Archaeologist",,botanist and environmental archaeologist,,,,,"Engineering, Environmental Science"
Norway,Other,,,,,,,other
Ane Hansdatter Kismul,Other,1980.0,,,,,,other
Ingrid SkjoldvÃÂÃÂÃÂÃÂÃÂÃÂÃÂÃÂÃÂÃÂÃÂÃÂÃÂÃÂÃÂÃÂÃÂÃÂÃÂÃÂÃÂÃÂÃÂÃÂÃÂÃÂÃÂÃÂÃÂÃÂÃÂÃÂÃÂÃÂÃÂÃÂÃÂÃÂÃÂÃÂÃÂÃÂÃÂÃÂÃÂÃÂÃÂÃÂÃÂÃÂÃÂÃÂÃÂÃÂÃÂÃÂÃÂÃÂÃÂÃÂÃÂÃÂÃÂÃÂÃÂÃÂÃÂÃÂÃÂÃÂÃÂÃÂÃÂÃÂÃÂÃÂÃÂÃÂÃÂÃÂÃÂÃÂÃÂÃÂÃÂÃÂÃÂÃÂÃÂÃÂÃÂÃÂÃÂÃÂÃÂÃÂÃÂÃÂÃÂÃÂÃÂÃÂÃÂÃÂÃÂÃÂÃÂÃÂÃÂÃÂÃÂÃÂÃÂÃÂÃÂÃÂÃÂÃÂÃÂÃÂÃÂÃÂÃÂÃÂÃÂÃÂÃÂÃÂ¦r,Other,1993.0,,,,,,other
Gunhild Stordalen,Other,1979.0,founder of a climate change foundation,,,,,"Environmental Science, Materials Science"
Ragnhild Sundby,Other,,,,,,,other
Papua New Guinea,Other,,,,,,,other
Mazzella Maniwavie,Other,1987.0,,,,,,other
Peru,Other,,,,,,,other
Chicaje of Peru,Other,,,,,,,other
Liz Chicaje,Other,1962.0,,,,,,other
Philippines,Other,,,,,,,other
Joan Carling,Other,1963.0,,,,,,other
Gemma Narisma,Other,,,,,,,other
Poland,Other,,,,,,,other
Zofia Kielan-Jaworowska,Other,,expeditions to the Gobi Desert,,,,,other
Teresa MaryaÃÂÃÂÃÂÃÂÃÂÃÂÃÂÃÂÃÂÃÂÃÂÃÂÃÂÃÂÃÂÃÂÃÂÃÂÃÂÃÂÃÂÃÂÃÂÃÂÃÂÃÂÃÂÃÂÃÂÃÂÃÂÃÂÃÂÃÂÃÂÃÂÃÂÃÂÃÂÃÂÃÂÃÂÃÂÃÂÃÂÃÂÃÂÃÂÃÂÃÂÃÂÃÂÃÂÃÂÃÂÃÂÃÂÃÂÃÂÃÂÃÂÃÂÃÂÃÂÃÂÃÂÃÂÃÂÃÂÃÂÃÂÃÂÃÂÃÂÃÂÃÂÃÂÃÂÃÂÃÂÃÂÃÂÃÂÃÂÃÂÃÂÃÂÃÂÃÂÃÂÃÂÃÂÃÂÃÂÃÂÃÂÃÂÃÂÃÂÃÂÃÂÃÂÃÂÃÂÃÂÃÂÃÂÃÂÃÂÃÂÃÂÃÂÃÂÃÂÃÂÃÂÃÂÃÂÃÂÃÂÃÂÃÂÃÂÃÂÃÂÃÂÃÂÃÂska,Other,,,,,,,other
Elwira ÃÂÃÂÃÂÃÂÃÂÃÂÃÂÃÂÃÂÃÂÃÂÃÂÃÂÃÂÃÂÃÂÃÂÃÂÃÂÃÂÃÂÃÂÃÂÃÂÃÂÃÂÃÂÃÂÃÂÃÂÃÂÃÂÃÂÃÂÃÂÃÂÃÂÃÂÃÂÃÂÃÂÃÂÃÂÃÂÃÂÃÂÃÂÃÂÃÂÃÂÃÂÃÂÃÂÃÂÃÂÃÂÃÂÃÂÃÂÃÂÃÂÃÂÃÂÃÂÃÂÃÂÃÂÃÂÃÂÃÂÃÂÃÂÃÂÃÂÃÂÃÂÃÂÃÂÃÂÃÂÃÂÃÂÃÂÃÂÃÂÃÂÃÂÃÂÃÂÃÂÃÂÃÂÃÂÃÂÃÂÃÂÃÂÃÂÃÂÃÂÃÂÃÂÃÂÃÂÃÂÃÂÃÂÃÂÃÂÃÂÃÂÃÂÃÂÃÂÃÂÃÂÃÂÃÂÃÂÃÂÃÂÃÂÃÂÃÂÃÂÃÂÃÂÃÂ»mudzka,Other,,climatologist,,,,,"Environmental Science, Materials Science"
Russia,Other,,,,,,,other
Maria Klenova,Other,,,,,,,other
Olga Zolina,Other,1975.0,modeling of extreme precipitation,,,,,other
Rwanda,Other,,,,,,,other
Rose Mukankomeje,Activist,,politician and environmental activist addressing forest conservation,,,,,"Engineering, Environmental Science"
South Africa,Other,,,,,,,other
Frances Gamble,Other,,,,,,,other
South Korea,Other,,,,,,,other
June-Yi Lee,Atmospheric Scientist,,atmospheric scientist investigating future climate scenarios,,,,,"Earth Science, Environmental Science, Materials Science"
Spain,Other,,,,,,,other
Paca Blanco,Other,1949.0,,,,,,other
Aida FernÃÂÃÂÃÂÃÂÃÂÃÂÃÂÃÂÃÂÃÂÃÂÃÂÃÂÃÂÃÂÃÂÃÂÃÂÃÂÃÂÃÂÃÂÃÂÃÂÃÂÃÂÃÂÃÂÃÂÃÂÃÂÃÂÃÂÃÂÃÂÃÂÃÂÃÂÃÂÃÂÃÂÃÂÃÂÃÂÃÂÃÂÃÂÃÂÃÂÃÂÃÂÃÂÃÂÃÂÃÂÃÂÃÂÃÂÃÂÃÂÃÂÃÂÃÂÃÂÃÂÃÂÃÂÃÂÃÂÃÂÃÂÃÂÃÂÃÂÃÂÃÂÃÂÃÂÃÂÃÂÃÂÃÂÃÂÃÂÃÂÃÂÃÂÃÂÃÂÃÂÃÂÃÂÃÂÃÂÃÂÃÂÃÂÃÂÃÂÃÂÃÂÃÂÃÂÃÂÃÂÃÂÃÂÃÂÃÂÃÂÃÂÃÂÃÂÃÂÃÂÃÂÃÂÃÂÃÂÃÂÃÂÃÂÃÂÃÂÃÂÃÂÃÂÃÂ¡ndez RÃÂÃÂÃÂÃÂÃÂÃÂÃÂÃÂÃÂÃÂÃÂÃÂÃÂÃÂÃÂÃÂÃÂÃÂÃÂÃÂÃÂÃÂÃÂÃÂÃÂÃÂÃÂÃÂÃÂÃÂÃÂÃÂÃÂÃÂÃÂÃÂÃÂÃÂÃÂÃÂÃÂÃÂÃÂÃÂÃÂÃÂÃÂÃÂÃÂÃÂÃÂÃÂÃÂÃÂÃÂÃÂÃÂÃÂÃÂÃÂÃÂÃÂÃÂÃÂÃÂÃÂÃÂÃÂÃÂÃÂÃÂÃÂÃÂÃÂÃÂÃÂÃÂÃÂÃÂÃÂÃÂÃÂÃÂÃÂÃÂÃÂÃÂÃÂÃÂÃÂÃÂÃÂÃÂÃÂÃÂÃÂÃÂÃÂÃÂÃÂÃÂÃÂÃÂÃÂÃÂÃÂÃÂÃÂÃÂÃÂÃÂÃÂÃÂÃÂÃÂÃÂÃÂÃÂÃÂÃÂÃÂÃÂÃÂÃÂÃÂÃÂÃÂÃÂ­os,Other,,,,,,,other
Sri Lanka,Other,,,,,,,other
Michelle Dilhara,Other,1996.0,,,,,,other
Sevvandi Jayakody,Other,,consersationist and echinodermologist,,,,,"Medicine, Biology"
Sudan,Other,,,,,,,other
Balgis Osman-Elasha,climate scientist,,climate scientist studying climate change in Africa,,,,,"Environmental Science, Materials Science"
Sweden,Other,,,,,,,other
Swedish activist Greta Thunberg,Other,2020.0,,,,,,other
Isabelle Axelsson,Other,2001.0,,,,,,other
Inger Holmlund,Other,,,,,,,other
Greta Thunberg,Other,2003.0,,,,,,other
Switzerland,Other,,,,,,,other
Martine Rebetez,Other,1961.0,,,,,,other
Sonja Wipf,Other,1973.0,,,,,,other
Anita Studer,Other,1944.0,,,,,,other
Thailand,Other,,,,,,,other
Kotchakorn Voraakhom,Other,1981.0,,,,,,other
Trinidad and Tobago,Other,,,,,,,other
Rahanna Alicia Juman,Other,2000.0,,,,,,other
United Kingdom,Other,,,,,,,other
Emily Shuckburgh,Other,,British climate science communicator,,,,,"Environmental Science, Materials Science"
Helen ApSimon,Other,1942.0,,,,,,other
Sarah Martha Baker,Other,,,,,,,other
Brenda Boardman,Other,1943.0,,,,,,other
Judith Bunbury,Other,1967.0,,,,,,other
Tamsin Edwards,climate scientist,,climate scientist,,,,,"Environmental Science, Materials Science"
Hayley Fowler,Other,,research focused on climate change and variability on hydrological and water resource systems,,,,,"Earth Science, Environmental Science, Materials Science"
Katharine Giles,Other,,ocean circulation and wind patterns,,,,,other
Jean Grove,Other,,,,,,,other
Joanna Haigh,Other,,Co-Director of Grantham Institute at Imperial College London,,,,,other
Gabriele C. Hegerl,Other,1962.0,,,,,,other
Helene Hewitt,Other,,Met Office researcher on ocean modeling,,,,,other
Ellie Highwood,professor,,Professor of Climate Physics at the University of Reading,,,,,"Physics, Environmental Science, Materials Science"
Joanne Johnson,Other,1977.0,Antarctic scientist,,,,,other
Caroline King-Okumu,Other,,researcher focusing on dryland ecosystems,,,,,"Biology, Environmental Science"
Rachel Kyte,Other,,international strategist on sustainable energy,,,,,other
Sonya Legg,Oceanographer,,oceanographer studying ocean circulation processes,,,,,other
Diana Liverman,Other,1954.0,vulnerability and policy,,,,,other
Georgina Mace,Other,,,,,,,other
Barbara Maher,Other,1960.0,,,,,,other
Stephanie Peay,Other,1959.0,,,,,,other
Vicky Pope,Other,,Head of the Climate Prediction Programme at the Hadley Centre for Climate Prediction and Research,,,,,"Environmental Science, Materials Science"
Paula Reimer,Other,,radiocarbon and archaeological scientist at the 14Chrono Centre for Climate,,,,,"Environmental Science, Materials Science"
Emily Shuckburgh,climate scientist,,climate scientist,,,,,"Environmental Science, Materials Science"
Liz Thomas,Other,,paleoclimatologist,,,,,"Earth Science, Environmental Science, Materials Science"
United States,Other,,,,,,,other
Rachel Carson,"conservationist, Marine Biologist, biologist",,American marine biologist and conservationist,,,,,"Chemistry, Biology"
Lydia Adams-Williams,Other,,,,,,,other
Alice Alldredge,Other,1949.0,,snow,and,demersal,zooplankton,other
Tanya Atwater,Other,1942.0,,,,,,other
Thelma Babbitt,Other,,,,,,,other
Sallie Baliunas,Other,1953.0,,,,,,other
Lisa Beal,Oceanographer,,British-born oceanographer investigating the Agulhas current,,,,,Medicine
Barbara Bell,Other,,,,,,,other
Abigail Borah,Activist,,environmental activist,,,,,"Engineering, Environmental Science"
Florence Elfelt Bramhall,Other,,,,,,,other
Emma Lucy Braun,"Ecologist, academic",,ecologist and academic,,,,,"Medicine, Biology, Environmental Science"
Margaret Bryan Davis,Other,1931.0,,,,,,other
Molly Burhans,Other,1989.0,,,,,,other
Elizabeth Canuel,Oceanographer,,chemical oceanographer investigating organic carbon cycling,,,,,"Engineering, Chemistry"
Rachel Carson,Other,,,,,,,other
Jeannine Cavender-Bares,Other,2000.0,,,,,,other
Danielle Claar,Other,,marine scientist studying effect of climate on coral symbionts and parasites,,,,,"Chemistry, Biology, Environmental Science, Materials Science"
Amy C. Clement,Other,,atmospheric and marine scientist modelling climate change,,,,,"Earth Science, Environmental Science, Materials Science"
Kim Cobb,Other,1974.0,,,,,,other
Lisa Goddard,Other,,,,,,,other
Emma Cole,Other,,,,,,,other
Maureen Conte,"chemist, Biogeochemist",,biogeochemist studying long-term cycling of chemical compounds in seawater,,,,,"Engineering, Earth Science, Chemistry, Biology, Mathematics, Computer Science, Materials Science"
Allison Crimmins,Other,,head of the National Climate Assessment,,,,,"Environmental Science, Materials Science"
Heidi Cullen,Meteorologist,,meteorologist,,,,,other
Judith Curry,Other,,climatologist and former chair of the School of Earth and Atmospheric Sciences at the Georgia Institute of Technology,,,,,"Earth Science, Mathematics, Environmental Science, Materials Science"
Rosanne D'Arrigo,Other,,climate researcher using dendrochronology,,,,,"Environmental Science, Materials Science"
Kendra Daly,Oceanographer,,oceanographer specializing in zooplankton,,,,,other
Violet Dandridge,Other,,,,,,,other
Lesley-Ann L. Dupigny-Giroux,Geographer,,Trinidad-born geographer and climate researcher,,,,,"Earth Science, Mathematics, Environmental Science, Materials Science"
Sylvia Earle,Other,1935.0,,,,,,other
Erika Edwards,Other,,researcher focusing on the evolution of plants,,,,,other
Jane Fonda,Environmentalist,1937.0,feminist and environmentalist,,,,,"Engineering, Environmental Science"
Eunice Newton Foote,Other,,,,,,,other
Grace Voss Frederick,Other,,,,,,,other
Daphne Frias,Other,1998.0,climate change and environmental and disability justice,,,,,"Engineering, Environmental Science, Materials Science"
Inez Fung,Other,1949.0,biogeochemical cycles,,,,,"Engineering, Earth Science, Chemistry, Biology, Mathematics"
Niria Alicia Garcia,Other,1993.0,,,,,,other
Pat Gozemba,Other,1940.0,,,,,,other
Marika Holland,Other,,scientist working on sea ice modelling,,,,,other
Alice Clary Earle Hyde,Other,,,,,,,other
Deborah Jacobvitz,Ecologist,,ecologist,,,,,"Medicine, Biology, Environmental Science"
Frances James,Other,1930.0,,,,,,other
Gretchen Keppel-Aleks,climate scientist,,climate scientist researching greenhouse gases,,,,,"Environmental Science, Materials Science"
Caroline Ella Heminway Kierstead,Other,,,,,,,other
Bronwen Konecky,Other,,climatologist focusing on climate change in the tropics,,,,,"Environmental Science, Materials Science"
Winona LaDuke,Other,1959.0,,,,,,other
Estella Leopold,Other,1927.0,,,,,,other
Beate G. Liepert,Research Scientist,,research scientist focusing on climate variability,,,,,"Environmental Science, Materials Science"
Lorraine Lisiecki,Other,,paleoclimatologist studying the history of climate change,,,,,"Earth Science, Environmental Science, Materials Science"
Hunter Lovins,Other,1950.0,,,,,,other
Jane Lubchenco,Other,1947.0,,,,,,other
Cherilla Storrs Lowrey,Other,,Hawaii's oldest environmental organization,,,,,"Engineering, Chemistry, Environmental Science"
Kate Marvel,climate scientist,,climate scientist,,,,,"Environmental Science, Materials Science"
Galen McKinley,Other,,carbon cycle researcher,,,,,other
Marcia McNutt,Other,1952.0,president of the National Academy of Sciences,,,,,other
Linda Mearns,"Geologist, climate scientist",,geologist and climate scientist specializing in climate change assessment,,,,,"Earth Science, Mathematics, Environmental Science, Materials Science"
Susanne Menden-Deuer,Other,2000.0,,,,,,other
Jill Mikucki,"Microbiologist, biologist",,microbiologist,,,,,"Chemistry, Biology"
Twila Moon,Other,,scientist researching the Greenland ice sheet,,,,,other
Marianne V. Moore,Ecologist,,aquatic ecologist,,,,,"Medicine, Biology, Environmental Science"
Sue Moore,Oceanographer,,Arctic oceanographer studying whales,,,,,other
Ann Haven Morgan,Other,,,,,,,other
Margaret Mulholland,Oceanographer,,oceanographer studying nutrients in marine environments,,,,,Environmental Science
Alison Murray,"chemist, Biochemist",,biochemist,,,,,"Chemistry, Biology"
Margaret Nygard,Other,,,,,,,other
Karen Oberhauser,Other,1956.0,,,,,,other
Kittie Fenley Parker,Other,,,,,,,other
Mary Peltola,Other,1999.0,,,,,,other
Elsie Quarterman,Other,,,,,,,other
Marilyn Raphael,Other,,Trinidad-born climate change scientist working on polar research,,,,,"Environmental Science, Materials Science"
Cicely Ridley,Other,,,,,,,other
Edith A. Roberts,Other,,,,,,,other
Gabrielle Rocap,Other,1971.0,,,,,,other
Joan Roughgarden,Other,1946.0,,,,,,other
Cynthia E. Rosenzweig,Other,1958.0,pioneered the study of climate change and agriculture,,,,,"Environmental Science, Materials Science"
Joellen Louise Russell,Other,1970.0,,,,,,other
Tatiana Rynearson,Oceanographer,,oceanographer studying plankton diversity,,,,,other
Eva Saulitis,Other,,,,,,,other
Sybil P. Seitzinger,"climate scientist, Oceanographer",,oceanographer and climate scientist researching climate change and elemental cycling,,,,,"Environmental Science, Materials Science"
Susan Solomon,Other,1956.0,,,,,,other
Margaret Sordahl,Other,,,,,,,other
Lynne Talley,"climate scientist, Oceanographer",,oceanographer and climate scientist at Scripps Institution of Oceanography,,,,,"Environmental Science, Materials Science"
Elizabeth Teter Lunn,Other,,,,,,,other
Ellen Thomas,Other,1950.0,,,,,,other
Anne M. Thompson,chemist,,specialist in atmospheric chemistry and climate change,,,,,"Earth Science, Chemistry, Environmental Science, Materials Science"
LuAnne Thompson,Oceanographer,,oceanographer modeling movement of heat and chemical via ocean currents,,,,,"Medicine, Engineering, Chemistry"
Vivian Thomson,Other,1997.0,,,,,,other
Maya Tolstoy,Physicist,,marine geophysicist investigating earthquakes in the deep sea,,,,,"Earth Science, Mathematics, Physics"
Susan Trumbore,Other,,earth systems scientist focusing on the carbon cycle and its effects on climate,,,,,"Earth Science, Environmental Science, Materials Science"
Monica Turner,Other,1980.0,,,,,,other
Julienne Stroeve,climate scientist,,polar climate scientist working on the remote sensing of ice and snow,,,,,"Environmental Science, Materials Science"
Carol Van Strum,Other,1940.0,,,,,,other
Betsy Weatherhead,Other,,former head of the National Climate Assessment,,,,,"Environmental Science, Materials Science"
Rebecca Woodgate,Oceanographer,,oceanographer working on ocean circulation in polar regions,,,,,other
Kakani Katija Young,Other,,bioengineer focusing on marine organisms,,,,,"Engineering, Chemistry, Biology"
Linda Zall,Environmental Scientist,,environmental scientist specializing in satellite data,,,,,"Engineering, Computer Science, Environmental Science"
Joy Zedler,Other,1943.0,,,,,,other
Uganda,Other,,,,,,,other
Ugandan activist Vanessa Nakate,Other,,,,,,,other
Vanessa Nakate,Other,1996.0,,,,,,other
Uruguay,Other,,,,,,,other
Lucrecia Covelo,Other,,,,,,,other
Vanuatu,Other,,,,,,,other
Litiana Kalsrap,Other,1992.0,,,,,,other
Vietnam,Other,,,,,,,other
Hoang Thi Than,Archaeologist,,geological engineer and archaeologist,,,,,"Engineering, Earth Science, Mathematics"
