Name,Field(s),Dat,Notes,Tags
Cecilia Bouzat,"chemist, Biochemist",1961,biochemist studying neurological disorders,"Medicine, Chemistry, Biology, Cognitive Science"
Maria G. Castro,professor,2000,"Professor of Neurosurgery, University of Michigan Medical School","Medicine, Biology, Cognitive Science"
Lyn Beazley,Neuroscientist,1944,British-born Australian neuroscientist and educator,"Medicine, Biology, Cognitive Science"
Leeanne Carey,Neuroscientist,1959,neuroscientist in occupational therapy and stroke rehabilitation and recovery research,"Medicine, Biology, Cognitive Science, Environmental Science"
Adrienne Fairhall,Neuroscientist,2000,computational neuroscientist and educator,"Medicine, Biology, Cognitive Science, Computer Science"
Una Lucy Fielding,anatomist,1888-1969,neuroanatomist remembered for discovering the vascular link between the hypothalamus and the pituitary gland,"Medicine, Biology, Cognitive Science"
Mary Galea,Neuroscientist,1951,physiotherapist and neuroscientist at the University of Melbourne,"Medicine, Biology, Physics, Cognitive Science"
Glenda Halliday,Neuroscientist,2008,"neuroscientist at the University of Sydney, NHMRC research fellow","Medicine, Biology, Cognitive Science"
Muireann Irish,"neuropsychologist, psychologist",2013,cognitive neuropsychologist at the University of Sydney,"Medicine, Biology, Cognitive Science"
Jee Hyun Kim,Neuroscientist,2004,behavioral neuroscientist focusing on emotional learning and memory during childhood,"Medicine, Biology, Cognitive Science"
Natalie Matosin,Other,2012,scientist researching the impacts of stress and its role in mental illness,other
Elspeth McLachlan,author,1942,world authority on neural pathways within the autonomic nervous system,other
Pat Michie,professor,2009,emeritus professor of psychology at Australia's University of Newcastle,"Medicine, Cognitive Science"
Kathryn North,"physician, neurologist, Urologist",1994,"paediatric physician, neurologist, and clinical geneticist working on cognitive deficits in neurofibromatosis type 1 and intervention strategies for children with learning disabilities and inherited myopathies","Medicine, Biology, Physics, Cognitive Science, Computer Science, Materials Science"
Jennie Ponsford,Neuroscientist,2000,"neuroscientist researching the negative consequences of traumatic brain injury related to fatigue, sleep disturbance, attentional problems, mood and behavioural disturbances","Medicine, Biology, Cognitive Science, Materials Science"
Sandra Rees,Other,1942,research into the pathogenesis of brain injury,other
Linda Richards,Other,,currently researching development of the cortical midline,Medicine
Nicole Rinehart,Other,2000,"focus on autism, Asperger's disorder and ADHD",other
Lesley Joy Rogers,professor,1943,emeritus professor of neuroscience at Australia's University of New England,"Medicine, Biology, Cognitive Science"
Renae Ryan,"Neuroscientist, Pharmacologist",2000,"neuroscientists and pharmacologist promoting gender equity, diversity and inclusion","Medicine, Chemistry, Biology, Cognitive Science"
Ingrid Scheffer,"neurologist, Urologist",1958,paediatric neurologist and senior research fellow focusing on epilepsy,"Medicine, Biology, Cognitive Science"
Alexandra Adler,"neurologist, Urologist",1901-2001,neurologist remembered for her work on the brain of a multiple sclerosis victim and for her research on posttraumatic stress disorder,"Medicine, Biology, Cognitive Science, Materials Science"
Elisabeth Binder,Neuroscientist,2000,neuroscientist specializing in the study of mood and anxiety disorders,"Medicine, Biology, Cognitive Science"
Melly Oitzl,Neuroscientist,1955,"behavioral neuroscientist focusing on relationships between stress, cognition and emotion","Medicine, Biology, Cognitive Science"
Suzana Herculano-Houzel,Other,1972,focus on neuroanatomy,"Medicine, Biology, Cognitive Science"
Anna Christina Nobre,Neuroscientist,1963,UK-based Brazilian neuroscientist researching neural systems supporting cognitive functions in the human brain,"Medicine, Biology, Cognitive Science"
Rosemary Bagot,Other,1981,researching the mechanisms of altered brain function in depression,other
Frances Champagne,Other,2007,"focus on molecular neuroscience, maternal behavior, and epigenetics","Medicine, Biology, Cognitive Science, Computer Science, Materials Science"
Sherry Chou,Neuroscientist,2014,neuroscientist focusing on neurocritical care,"Medicine, Biology, Cognitive Science"
Anne Churchland,Neuroscientist,2014,neuroscientist focusing on the function of the posterior parietal cortex in cognitive processes,"Medicine, Biology, Cognitive Science"
Meaghan Creed,Other,2016,research into neuromodulation,"Medicine, Biology, Cognitive Science"
Karen Davis,Other,1990,"focusing on the mechanisms underlying acute and chronic pain and temperature perception, the influence of attention, and plasticity",other
Allison J. Doupe,"Psychiatrist, Neuroscientist, biologist",1954-2014,"psychiatrist, biologist, and neuroscientist focusing on avian neurobiology and communication","Medicine, Chemistry, Biology, Cognitive Science"
Lillian Dyck,Neuroscientist,1945,"Saskatchewan senator, formerly a neuroscientist and dean at the University of Saskatchewan","Medicine, Biology, Cognitive Science"
Gillian Einstein,Neuroscientist,1952,American-born Canadian neuroscientist focusing on the anatomy of the female brain,"Medicine, Biology, Cognitive Science"
Alison Fleming,Neuroscientist,2004,neuroscientist working on mothering instincts and maternal behaviour,"Medicine, Biology, Cognitive Science, Materials Science"
Ariel Garten,Other,1979,clothing designer and scientist exploring the intersection of art and neuroscience,"Medicine, Biology, Cognitive Science"
Isabel Gauthier,Neuroscientist,1971,cognitive neuroscientist and journal editor,"Medicine, Biology, Cognitive Science"
Mireille Gillings,"neurobiologist, biologist",1971,US-based Canadian neurobiologist and entrepreneur,"Medicine, Chemistry, Biology, Cognitive Science"
Rachel Sarah Herz,"psychologist, Neuroscientist",1992,psychologist and cognitive neuroscientist focusing on the psychology of smell,"Medicine, Biology, Cognitive Science"
Judy Illes,professor,1960,professor of neurology focusing on neuroethics,"Medicine, Biology, Cognitive Science"
Sheena Josselyn,Neuroscientist,2018,neuroscientist studying the neural basis of memory at the University of Toronto,"Medicine, Biology, Cognitive Science"
Ingrid Johnsrude,"Neuroscientist, professor",1997,"neuroscientist and professor focusing on brain structure and language ability, and degenerative brain diseases in the elderly","Medicine, Biology, Cognitive Science"
Sheena Josselyn,Neuroscientist,1990,neuroscientist studying the neural basis of memory,"Medicine, Biology, Cognitive Science"
Sandi Lam,"surgeon, neurosurgeon",2010,neurosurgeon studying novel uses of neuroendoscopy in minimally invasive epilepsy surgery,"Medicine, Earth Science, Biology, Mathematics, Cognitive Science"
Daphne Maurer,psychologist,1980,"experimental psychologist focusing on child development, vision and synaesthesia","Medicine, Cognitive Science"
Brenda Milner,Neuroscientist,1918,British-Canadian neuroscientist focusing on clinical neuropsychology,"Medicine, Biology, Cognitive Science"
Kathryn Mary Murphy,Neuroscientist,1990,neuroscientists studying the development and plasticity of the brain,"Medicine, Biology, Cognitive Science"
Cecilia Moens,Other,1994,research into development of hindbrain neurons,"Medicine, Biology, Cognitive Science"
Lorina Naci,"psychologist, Neuroscientist",2010,Albanian-born Canadian psychologist and neuroscientist known for developing a method for communicating with patients in a persistent vegetative state,"Medicine, Biology, Cognitive Science"
Caroline Palmer,Other,1990,research into behavioural and neural foundations,other
Isabelle Peretz,professor,1956,professor of psychology specializing in music cognition,"Medicine, Cognitive Science"
Maria Natasha Rajah,Neuroscientist,2007,"cognitive neuroscientist working on episodic memory, ageing and dementia","Medicine, Biology, Cognitive Science"
Jane Roskams,Neuroscientist,1990,Isle of Man-born Canadian neuroscientist interested in Brain Big Data and Open Data sharing,"Medicine, Biology, Cognitive Science, Computer Science"
Deboleena Roy,Neuroscientist,2008,neuroscientist focusing on reproductive neuroendocrinology and molecular biology,"Medicine, Chemistry, Biology, Cognitive Science"
Jane Rylett,"neurobiologist, biologist",1994,molecular neurobiologist,"Medicine, Chemistry, Biology, Cognitive Science"
Lisa Saksida,Other,2000,touchscreen-based cognitive assessment,Cognitive Science
Rebecca Saxe,professor,2008,professor of cognitive neuroscience at MIT,"Medicine, Biology, Cognitive Science"
Justine Sergent,Other,1950-1994,Lebanese-born Canadian neuroscience researcher specializing in the functional neuroanatomy of face processing,"Medicine, Biology, Cognitive Science"
Bernice Shanet,physiologist,1929,neurophysiologist specializing in neuroregeneration research,"Medicine, Biology, Physics, Cognitive Science"
Rae Silver,Neuroscientist,1997,neuroendocrinologist and neuroscientist researcing the suprachiasmatic nucleus of the hypothalamus,"Medicine, Biology, Cognitive Science, Materials Science"
Debra W. Soh,psychologist,1990,"science columnist, sex researcher and psychologist","Medicine, Cognitive Science"
Bojana Stefanovic,Neuroscientist,2005,neuroscientist researching functional brain neuroimaging,"Medicine, Biology, Cognitive Science"
Jane Stewart,Neuroscientist,1980,"neuroscientist active in psychology, psychiatry, and psychopharmacology","Medicine, Chemistry, Biology, Cognitive Science"
Indre Viskontas,Neuroscientist,2000,Lithuanian-Canadian cognitive neuroscientist and operatic soprano,"Medicine, Biology, Cognitive Science"
Anna Weinberg,psychologist,2014,"psychologist, Canada Research Chair in Clinical Neuroscience, McGill University","Medicine, Biology, Cognitive Science"
Catharine Winstanley,Neuroscientist,2004,British-born Canadian behavioural neuroscientist,"Medicine, Biology, Cognitive Science"
Sandra Witelson,Neuroscientist,1999,neuroscientist best known for her analysis of specimens from Albert Einstein's brain,"Medicine, Biology, Cognitive Science"
Yang Dan,Other,1994,Chinese-born scientist based in the US specializing in neural circuits controlling sleep and the function of the prefrontal cortex,other
Fan Wang,Other,1998,"research at MIT on neural circuits underlying touch, pain and anesthesia",other
Li Gan,Other,1996,researching mechanisms of microglia dysfunction in neurodegeneration,"Medicine, Biology, Cognitive Science"
Nancy Ip,Neuroscientist,1955,Hong Kong neuroscientist,"Medicine, Biology, Cognitive Science"
Lily Jan,Neuroscientist,1947,neuroscientist investigating the neuromuscular junction in Drosophila fly larvae,"Medicine, Biology, Cognitive Science"
Li-Huei Tsai,Neuroscientist,1990,Taiwanese neuroscientist based in the US known for her work on neurological disorders that affect learning and memory,"Medicine, Biology, Cognitive Science"
Dayu Lin,Neuroscientist,2000,Chinese neuroscientist based in the U.S. studying neural circuits underlying aggression in rodents.,"Medicine, Biology, Cognitive Science"
Hailan Hu,Other,2000,explores neural mechanisms underlying social behaviors and psychiatric diseases,other
Guo-li Ming,Other,2002,researching stem cells to model genetic and environmental risk for brain disorders,"Engineering, Computer Science, Environmental Science"
Hongkui Zeng,Other,2011,headed team creating the Allen Mouse Connectivity Atlas,other
Li Zhaoping,Neuroscientist,1964,computational neuroscientist and vision scientist known for the V1 Saliency Hypothesis.,"Medicine, Biology, Cognitive Science, Computer Science"
Marta Zlatic,Neuroscientist,1977,"neuroscientist, group leader of the MRC Laboratory of Molecular Biology, Cambridge, UK","Medicine, Chemistry, Biology, Cognitive Science"
Panayiota Poirazi,Neuroscientist,1974,"neuroscientist known for modelling dendritic computations, member of the European Molecular Biology Organization","Medicine, Chemistry, Biology, Cognitive Science, Computer Science"
Eva SykovÃÂÃÂÃÂÃÂÃÂÃÂÃÂÃÂÃÂÃÂÃÂÃÂÃÂÃÂÃÂÃÂÃÂÃÂÃÂÃÂÃÂÃÂÃÂÃÂÃÂÃÂÃÂÃÂÃÂÃÂÃÂÃÂ¡,Neuroscientist,1944,neuroscientist researching ionic and volume homeostasis,"Medicine, Biology, Cognitive Science"
Gudrun Boysen,"neurologist, Urologist",1939,neurologist researching the causes and effects of strokes,"Medicine, Biology, Cognitive Science"
Gitte Moos Knudsen,"neurobiologist, neurologist, Urologist, biologist",1959,translational neurobiologist and clinical neurologist,"Medicine, Chemistry, Biology, Cognitive Science"
Maiken Nedergaard,Neuroscientist,1980,neuroscientist known for discovering the glymphatic system,"Medicine, Biology, Cognitive Science"
Milena Penkowa,Neuroscientist,1973,neuroscientist guilty of scientific misconduct,"Medicine, Biology, Cognitive Science"
Riitta Hari,Neuroscientist,2011,"Finnish neuroscientist,at the Science Forum 2011 in Helsinki.,","Medicine, Biology, Cognitive Science"
Riitta Hari,Neuroscientist,1948,neuroscientist known for her work on the understanding of healthy and diseased human cortex development,"Medicine, Biology, Cognitive Science"
Miia Kivipelto,Neuroscientist,1973,neuroscientist researching dementia and Alzheimer's disease,"Medicine, Biology, Cognitive Science"
Denise Albe-Fessard,Neuroscientist,1916-2003,neuroscientist known for her research into the central nervous system pain pathways,"Medicine, Biology, Cognitive Science"
AngÃÂÃÂÃÂÃÂÃÂÃÂÃÂÃÂÃÂÃÂÃÂÃÂÃÂÃÂÃÂÃÂÃÂÃÂÃÂÃÂÃÂÃÂÃÂÃÂÃÂÃÂÃÂÃÂÃÂÃÂÃÂÃÂ©lique Arvanitaki,Neuroscientist,1901-1983,neuroscientist known for her research into the electrical activity of neurons,"Medicine, Engineering, Biology, Cognitive Science"
Aurore AvarguÃÂÃÂÃÂÃÂÃÂÃÂÃÂÃÂÃÂÃÂÃÂÃÂÃÂÃÂÃÂÃÂÃÂÃÂÃÂÃÂÃÂÃÂÃÂÃÂÃÂÃÂÃÂÃÂÃÂÃÂÃÂÃÂ¨s-Weber,Neuroscientist,1983,cognitive neuroscientist researching the behaviour of bees,"Medicine, Biology, Cognitive Science"
Anne Beaumanoir,physiologist,1923,neurophysiologist and resistance worker who headed the neurophysiology department of the University Hospital of Geneva,"Medicine, Biology, Physics, Cognitive Science"
CÃÂÃÂÃÂÃÂÃÂÃÂÃÂÃÂÃÂÃÂÃÂÃÂÃÂÃÂÃÂÃÂÃÂÃÂÃÂÃÂÃÂÃÂÃÂÃÂÃÂÃÂÃÂÃÂÃÂÃÂÃÂÃÂ©cile Charrier,Neuroscientist,1983,"neuroscientist researcher, recipient of the 2021 IrÃÂÃÂÃÂÃÂÃÂÃÂÃÂÃÂÃÂÃÂÃÂÃÂÃÂÃÂÃÂÃÂÃÂÃÂÃÂÃÂÃÂÃÂÃÂÃÂÃÂÃÂÃÂÃÂÃÂÃÂÃÂÃÂ¨ne Joliot-Curie ÃÂÃÂÃÂÃÂÃÂÃÂÃÂÃÂÃÂÃÂÃÂÃÂÃÂÃÂÃÂÃÂ¢ÃÂÃÂÃÂÃÂÃÂÃÂÃÂÃÂÃÂÃÂÃÂÃÂÃÂÃÂÃÂÃÂÃÂÃÂÃÂÃÂÃÂÃÂÃÂÃÂÃÂÃÂÃÂÃÂÃÂÃÂÃÂÃÂYoung Female Scientist of the YearÃÂÃÂÃÂÃÂÃÂÃÂÃÂÃÂÃÂÃÂÃÂÃÂÃÂÃÂÃÂÃÂ¢ÃÂÃÂÃÂÃÂÃÂÃÂÃÂÃÂÃÂÃÂÃÂÃÂÃÂÃÂÃÂÃÂÃÂÃÂÃÂÃÂÃÂÃÂÃÂÃÂÃÂÃÂÃÂÃÂÃÂÃÂÃÂÃÂ award.","Medicine, Biology, Cognitive Science"
Augusta DÃÂÃÂÃÂÃÂÃÂÃÂÃÂÃÂÃÂÃÂÃÂÃÂÃÂÃÂÃÂÃÂÃÂÃÂÃÂÃÂÃÂÃÂÃÂÃÂÃÂÃÂÃÂÃÂÃÂÃÂÃÂÃÂ©jerine-Klumpke,"anatomist, author",1859-1927,American-born French neuroanatomist known for co-authoring the two-volume book on the anatomy of nerve centers Anatomie des Centres Nerveux,"Medicine, Biology, Cognitive Science"
Brigitte Kieffer,"neurobiologist, biologist",1958,molecular neurobiologist known for researching opiate receptors,"Medicine, Chemistry, Biology, Cognitive Science"
Laurence Lanfumey,Neuroscientist,1954,neuroscientist specializing in preclinical research on neuroscience and molecular neuropsychopharmacology,"Medicine, Chemistry, Biology, Cognitive Science"
Marcelle Lapicque,physiologist,1873-1960,neurophysiologist known for her research on nerve impulses and the effects of poisons,"Medicine, Biology, Physics, Cognitive Science"
Gabrielle Charlotte LÃÂÃÂÃÂÃÂÃÂÃÂÃÂÃÂÃÂÃÂÃÂÃÂÃÂÃÂÃÂÃÂÃÂÃÂÃÂÃÂÃÂÃÂÃÂÃÂÃÂÃÂÃÂÃÂÃÂÃÂÃÂÃÂ©vy,"neurologist, Urologist",1886-1934,neurologist for whose work the Roussy-LÃÂÃÂÃÂÃÂÃÂÃÂÃÂÃÂÃÂÃÂÃÂÃÂÃÂÃÂÃÂÃÂÃÂÃÂÃÂÃÂÃÂÃÂÃÂÃÂÃÂÃÂÃÂÃÂÃÂÃÂÃÂÃÂ©vy syndrome and the Lhermitte-LÃÂÃÂÃÂÃÂÃÂÃÂÃÂÃÂÃÂÃÂÃÂÃÂÃÂÃÂÃÂÃÂÃÂÃÂÃÂÃÂÃÂÃÂÃÂÃÂÃÂÃÂÃÂÃÂÃÂÃÂÃÂÃÂ©vy syndrome are named,"Medicine, Biology, Cognitive Science"
Isabelle Mansuy,professor,1965,"professor of neuroepigenetics at the University of Zurich, Switzerland","Medicine, Biology, Cognitive Science, Computer Science"
Christine Petit,Other,1948,geneticist known for pioneering work on the genetics of hearing and deafness,Computer Science
Catherine Vidal,Neuroscientist,1951,is a neuroscientist specialized on difference between male and female brain,"Medicine, Biology, Cognitive Science"
CÃÂÃÂÃÂÃÂÃÂÃÂÃÂÃÂÃÂÃÂÃÂÃÂÃÂÃÂÃÂÃÂÃÂÃÂÃÂÃÂÃÂÃÂÃÂÃÂÃÂÃÂÃÂÃÂÃÂÃÂÃÂÃÂ©cile Vogt-Mugnier,"Architect, neurologist, Urologist",1875-1962,neurologist known for extensive cytoarchitectonic studies on the brain,"Medicine, Biology, Cognitive Science"
Claire Wyart,"Neuroscientist, Physicist",1977,"biophysicist and neuroscientist studying the circuits underlying the control of locomotion, and chevalier of the Ordre National du MÃÂÃÂÃÂÃÂÃÂÃÂÃÂÃÂÃÂÃÂÃÂÃÂÃÂÃÂÃÂÃÂÃÂÃÂÃÂÃÂÃÂÃÂÃÂÃÂÃÂÃÂÃÂÃÂÃÂÃÂÃÂÃÂ©rite.","Medicine, Chemistry, Biology, Physics, Cognitive Science"
Katrin Amunts,Neuroscientist,1962,neuroscientist known for brain mapping,"Medicine, Biology, Cognitive Science"
Laura Busse,Other,1977,researching neural circuits underlying visual processing at the University of Munich,other
Angela D. Friederici,Linguist,1952,expert in neuropsychology and linguistics,"Medicine, Biology, Cognitive Science"
Nadine Gogolla,Neuroscientist,2000,neuroscientist known for decoding facial expressions in mice as emotion-like and correlating this to neural activity,"Medicine, Biology, Cognitive Science, Environmental Science"
Magdalena GÃÂÃÂÃÂÃÂÃÂÃÂÃÂÃÂÃÂÃÂÃÂÃÂÃÂÃÂÃÂÃÂÃÂÃÂÃÂÃÂÃÂÃÂÃÂÃÂÃÂÃÂÃÂÃÂÃÂÃÂÃÂÃÂ¶tz,Neuroscientist,1962,neuroscientist noted for her study of glial cells,"Medicine, Biology, Cognitive Science"
Sonja Hofer,professor,1977,professor at the Sainsbury Wellcome Centre for Neural Circuits and Behaviour,other
Kerstin Krieglstein,Other,2018,"researching molecular neurobiology, neuronal survival and ontogenetic cell death","Medicine, Chemistry, Biology, Cognitive Science, Computer Science"
Eva-Maria Mandelkow,Neuroscientist,1970,neuroscientist and Alzheimer's Disease researcher,"Medicine, Biology, Cognitive Science"
Petra Ritter,Neuroscientist,1974,neuroscientist applying computational neuroscience to brain simulations,"Medicine, Biology, Cognitive Science, Computer Science"
Anne Schaefer,Other,2009,developed the TRAP technique to reveal transcriptional profiles,other
Constance Scharff,Zoologist,1959,zoologist and neuroethologist researching birdsong and neurogenesis,"Medicine, Biology, Cognitive Science"
Sigrid Schmitz,Neuroscientist,1961,neuroscientist researching gender and science technology with a focus on brain sciences and contemporary neurocultures,"Medicine, Biology, Cognitive Science"
Tania Singer,"psychologist, Neuroscientist",1969,psychologist and social neuroscientist,"Medicine, Biology, Cognitive Science"
Marthe Vogt,Other,1903-2003,remembered for her important contributions to the understanding of the role of neurotransmitters in the brain,"Medicine, Biology, Cognitive Science"
Sophia Frangou,Neuroscientist,1990,US-based neuroscientist researching the pathophysiological processes underlying psychosis,"Medicine, Biology, Physics, Cognitive Science"
Nancy Papalopulu,Neuroscientist,1990,UK-based neuroscientist researching how the timing of neurogenesis is regulated during vertebrate development,"Medicine, Biology, Cognitive Science"
Elizabeth Roboz Einstein,"chemist, Biochemist, Neuroscientist",1904-1995,biochemist and neuroscientist known for purifying and characterizing myelin basic protein,"Medicine, Chemistry, Biology, Cognitive Science"
T. S. Kanaka,"surgeon, neurosurgeon",1932-2018,Asia's first female neurosurgeon,"Medicine, Earth Science, Biology, Mathematics, Cognitive Science"
Sandhya Koushika,Neuroscientist,2000,neuroscientist focusing on regulation of axonal transport within nerve cells,"Medicine, Biology, Cognitive Science"
Vijayalakshmi Ravindranath,Neuroscientist,1953,neuroscientist focused on the study of brain related disorders,"Medicine, Biology, Cognitive Science"
Deblina Sarkar,Other,2018,nanoscale biosensors at MIT,"Chemistry, Biology, Materials Science"
M. V. Padma Srivastava,"neurologist, Writer, Urologist, academic",1965,"neurologist, medical academic and writer known for the Acute Stroke Programme","Medicine, Biology, Cognitive Science"
Shubha Tole,Neuroscientist,1967,neuroscientist investigating the development and evolution of the mammalian brain,"Medicine, Biology, Cognitive Science"
Vidita Vaidya,Neuroscientist,2000,neuroscientist researching molecular psychiatry and the neurocircuitry of emotion,"Medicine, Biology, Cognitive Science"
Shashi Wadhwa,Other,1948,known for anatomy and developmental neuroscience,"Medicine, Biology, Cognitive Science"
Sabina Brennan,Neuroscientist,2011,"neuroscientist at Trinity College Dublin, ""Hello Brain"" project","Medicine, Biology, Cognitive Science"
Eleanor Maguire,Other,1970,researching episodic memory in the context of wider cognition,Cognitive Science
Mary Reilly,"neurologist, Urologist",2000,neurologist studying peripheral neuropathy,"Medicine, Biology, Cognitive Science"
Tamar Flash,professor,1987,professor at Weizmann Institute of Science,other
Kalanit Grill-Spector,"Neuroscientist, professor",,is a neuroscientist professor investigating the visual system at Stanford University,"Medicine, Biology, Cognitive Science"
Daphna Joel,Neuroscientist,1967,behavioural neuroscientist at Tel Aviv University,"Medicine, Biology, Cognitive Science"
Nilli Lavi,"psychologist, professor",,is a psychologist and neuroscience professor at University College London,"Medicine, Biology, Cognitive Science"
Yael Niv,Neuroscientist,2012,neuroscientist studying animal reinforcement learning at Princeton University,"Medicine, Biology, Cognitive Science"
Michal Rivlin,Neuroscientist,,is a neuroscientist investigating the retina at the Weizmann Institute of Science,"Medicine, Biology, Cognitive Science"
Asya Rolls,"Immunologist, neuroimmunologist",2000,is an Israeli psychoneuroimmunologist exploring how the nervous system affects immune responses and thus physical health,"Medicine, Biology, Physics, Cognitive Science"
Daniela Schiller,Other,1972,known for work on memory reconsolidation,"Biology, Environmental Science"
Michal Schwartz,professor,,is a professor of neuroimmunology at the Weizmann Institute of Science,"Medicine, Biology, Cognitive Science"
Tali Sharot,Neuroscientist,,is a cognitive neuroscientist at University College London,"Medicine, Biology, Cognitive Science"
Hamutal Slovin,Neuroscientist,1967,neuroscientist studying the visual system using optical imaging,"Medicine, Biology, Cognitive Science"
Hermona Soreq,Other,1947,known for the signaling of acetylcholine and its relevance in stress responses and neurodegenerative diseases,"Medicine, Biology, Cognitive Science"
Arianna Di Stadio,Neuroscientist,1975,neuroscientist and researcher,"Medicine, Biology, Cognitive Science"
Cristina Alberini,Neuroscientist,1990,neuroscientist studying the biological mechanisms of long-term memory,"Medicine, Chemistry, Biology, Cognitive Science"
Paola Arlotta,professor,1971,professor of stem cell and regenerative biology at Harvard University,"Chemistry, Biology"
Camilla Bellone,Neuroscientist,1975,is an Italian neuroscientist exploring the molecular mechanisms and neural circuits underlying social behavior and probes how defects at the molecular and circuit level give rise to psychiatric disease states,"Medicine, Biology, Cognitive Science"
Raffaella Bosurgi,Neuroscientist,2010,neuroscientist and executive editor of PLOS Medicine,"Medicine, Biology, Cognitive Science"
Valeria Gazzola,Neuroscientist,1977,"neuroscientist at the University of Amsterdam, studying the neural basis of empathy and embodied cognition","Medicine, Biology, Cognitive Science"
Maria Luisa Gorno-Tempini,Neuroscientist,2001,"neuroscientist focusing on behavioral neurology, particularly the neural substrate of language and memory","Medicine, Biology, Cognitive Science"
Giordana Grossi,"Neuroscientist, professor",2007,"cognitive neuroscientist and professor of psychology at SUNY New Paltz, New York","Medicine, Biology, Cognitive Science"
Rita Levi-Montalcini,Other,1909-2012,Nobel laureate for her work in neurobiology,"Medicine, Chemistry, Biology, Cognitive Science"
Raffaella Rumiati,Neuroscientist,2003,cognitive neuroscientist,"Medicine, Biology, Cognitive Science"
Maria Grazia Spillantini,Other,1987,researching the mechanisms leading to neurodegeneration,"Medicine, Biology, Cognitive Science"
Noriko Osumi,Other,1980,specializing in neuroembryology and developmental neuroscience to reveal the scheme of human mind in terms of brain development,"Medicine, Chemistry, Biology, Cognitive Science"
Alexandra Elbakyan,Other,1988,known for creating the Sci-Hub,other
Huda Zoghbi,Other,1954,Lebanese-American geneticist known for research in the Rett syndrome and spinocerebellar ataxia type 1,Computer Science
UrtÃÂÃÂÃÂÃÂÃÂÃÂÃÂÃÂÃÂÃÂÃÂÃÂÃÂÃÂÃÂÃÂÃÂÃÂÃÂÃÂÃÂÃÂÃÂÃÂÃÂÃÂÃÂÃÂÃÂÃÂÃÂÃÂ NeniÃÂÃÂÃÂÃÂÃÂÃÂÃÂÃÂÃÂÃÂÃÂÃÂÃÂÃÂÃÂÃÂÃÂÃÂÃÂÃÂÃÂÃÂÃÂÃÂÃÂÃÂÃÂÃÂÃÂÃÂÃÂÃÂ¡kytÃÂÃÂÃÂÃÂÃÂÃÂÃÂÃÂÃÂÃÂÃÂÃÂÃÂÃÂÃÂÃÂÃÂÃÂÃÂÃÂÃÂÃÂÃÂÃÂÃÂÃÂÃÂÃÂÃÂÃÂÃÂÃÂ,Other,1983,researching the interaction of neurons and immune cells in the brain,"Medicine, Biology, Cognitive Science"
Christiane Linster,Other,1962,Systems and Computational Neuroscience,"Medicine, Biology, Cognitive Science, Computer Science"
MÃÂÃÂÃÂÃÂÃÂÃÂÃÂÃÂÃÂÃÂÃÂÃÂÃÂÃÂÃÂÃÂÃÂÃÂÃÂÃÂÃÂÃÂÃÂÃÂÃÂÃÂÃÂÃÂÃÂÃÂÃÂÃÂ³nica Andrea LÃÂÃÂÃÂÃÂÃÂÃÂÃÂÃÂÃÂÃÂÃÂÃÂÃÂÃÂÃÂÃÂÃÂÃÂÃÂÃÂÃÂÃÂÃÂÃÂÃÂÃÂÃÂÃÂÃÂÃÂÃÂÃÂ³pez Hidalgo,Other,,"researching astrocytes,cognitive function,and age-related changes","Medicine, Physics, Astronomy, Cognitive Science"
Beatrice de Gelder,"neuropsychologist, psychologist, Neuroscientist",1944,cognitive neuroscientist and neuropsychologist at Tilburg University,"Medicine, Biology, Cognitive Science"
Astrid Linthorst,"chemist, Neuroscientist",1990,neuroscientist specializing in the neurochemistry and neuroendocrinology of stress and behavior,"Medicine, Chemistry, Biology, Cognitive Science"
Sabine Spijker,Neuroscientist,1990,neuroscientist researching the effect of neuropsychiatric ailments on cognition,"Medicine, Biology, Cognitive Science"
Eveline Crone,professor,1975,"professor of cognitive neuroscience and developmental psychology, known for her work on the function of risky behaviours in pubertal adolescents","Medicine, Biology, Cognitive Science"
Marianne Fillenz,Neuroscientist,1924-2012,Romanian-born New Zealand neuroscientist known for research on he physiology of the autonomic nervous system,"Medicine, Biology, Physics, Cognitive Science"
Kate Jeffery,professor,1962,professor of behavioural neuroscience at University College London,"Medicine, Biology, Cognitive Science"
Jenny Morton,"neurobiologist, biologist",1991,neurobiologist specializing in neurodegenerative diseases,"Medicine, Chemistry, Biology, Cognitive Science"
Siri Leknes,Neuroscientist,2008,neuroscientist known for directing he Leknes Affective Brain Lab,"Medicine, Biology, Cognitive Science"
May-Britt Moser,"psychologist, Neuroscientist",1963,"psychologist, neuroscientist and Nobel laureate known for work on grid cells","Medicine, Biology, Cognitive Science"
Kristine Beate Walhovd,"psychologist, Neuroscientist",1976,psychologist and neuroscientist researching lifespan changes in brain and cognition,"Medicine, Biology, Cognitive Science"
Aafia Siddiqui,Neuroscientist,1972,neuroscientist convicted of seven counts of attempted murder and assault of US personnel,"Medicine, Biology, Cognitive Science"
Nathalie Zand of Poland,Other,,,other
ÃÂÃÂÃÂÃÂÃÂÃÂÃÂÃÂÃÂÃÂÃÂÃÂÃÂÃÂÃÂÃÂÃÂÃÂÃÂÃÂÃÂÃÂÃÂÃÂÃÂÃÂÃÂÃÂÃÂÃÂÃÂÃÂucja Frey,"neurologist, Urologist",1889-1942,"neurologist known for describing the auriculotemporal nerve syndrome, now widely known as ""Frey's syndrome""","Medicine, Biology, Cognitive Science"
MaÃÂÃÂÃÂÃÂÃÂÃÂÃÂÃÂÃÂÃÂÃÂÃÂÃÂÃÂÃÂÃÂÃÂÃÂÃÂÃÂÃÂÃÂÃÂÃÂÃÂÃÂÃÂÃÂÃÂÃÂÃÂÃÂgorzata Kossut,Neuroscientist,1950,neuroscientist specializing in neuroplasticity and neural mechanisms of learning and memory,"Medicine, Biology, Cognitive Science"
Liliana LubiÃÂÃÂÃÂÃÂÃÂÃÂÃÂÃÂÃÂÃÂÃÂÃÂÃÂÃÂÃÂÃÂÃÂÃÂÃÂÃÂÃÂÃÂÃÂÃÂÃÂÃÂÃÂÃÂÃÂÃÂÃÂÃÂska,Neuroscientist,1904-1990,neuroscientist known for her research on the peripheral nervous system and her discovery of bidirectional axoplasmic transport,"Medicine, Biology, Cognitive Science"
Irena Nalepa,"chemist, Biochemist, Neuroscientist, Pharmacologist",1951,"neuroscientist, pharmacologist and biochemist","Medicine, Chemistry, Biology, Cognitive Science"
Nathalie Zand,"neurologist, Urologist",1884-1942,"neurologist known for studying the choroid plexus and publishing Les plexus choroÃÂÃÂÃÂÃÂÃÂÃÂÃÂÃÂÃÂÃÂÃÂÃÂÃÂÃÂÃÂÃÂÃÂÃÂÃÂÃÂÃÂÃÂÃÂÃÂÃÂÃÂÃÂÃÂÃÂÃÂÃÂÃÂ¯des: Anatomie, physiologie, pathologie","Medicine, Biology, Physics, Cognitive Science"
Megan Carey,Neuroscientist,2005,neuroscientist and leader of the Neural Circuits and Behavior Laboratory at the Champalimaud Centre for the Unknown in Lisbon,"Medicine, Biology, Cognitive Science"
Hanna Damasio,Neuroscientist,1960,"neuroscientist using brain imaging methods, such as computerized tomography and nuclear magnetic resonance for investigating brain diseases","Medicine, Engineering, Biology, Physics, Cognitive Science, Computer Science"
Susana Lima,Other,2005,researching neural mechanisms of sexual behavior and male choice,other
Paula Isabel da Silva Moreira,Neuroscientist,1975,neuroscientist known for discoveries concerning mitochondrial oxidation in Alzheimer's disease,"Medicine, Biology, Cognitive Science"
Viviana Gradinaru,professor,1981,Romanian-American professor of neuroscience at the California Institute of Technology,"Medicine, Biology, Cognitive Science"
Marianne Fillenz,Other,1924-2012,known for investigating the physiology of the autonomic nervous system,Physics
Ruxandra Sireteanu,"Neuroscientist, Physicist",1945-2008,biophysicist and neuroscientist who researched the human visual system,"Medicine, Chemistry, Biology, Physics, Cognitive Science"
Natalia Bekhtereva,"psychologist, Neuroscientist",1924-2008,neuroscientist and psychologist known for developing neurophysiological approaches to psychology,"Medicine, Biology, Physics, Cognitive Science"
Serafima Bryusova,"surgeon, neurosurgeon",1894-1958,"first female neurosurgeon, studied brain angiography and Circle of Willis","Medicine, Earth Science, Biology, Mathematics, Cognitive Science"
Svetlana Dambinova,Neuroscientist,1949,neuroscientists known for her research on glutamate receptors,"Medicine, Biology, Cognitive Science, Materials Science"
Angelina Guskova,"surgeon, neurologist, Urologist, neurosurgeon",1924-2015,"neurologist, neurosurgeon and radiation protection expert","Medicine, Earth Science, Biology, Mathematics, Cognitive Science"
Ol'ga Leonova,"physician, embryologist",1890-1910,embryologist and physician known for work on congenital disorders and the connection between central nervous system damage and eye disease,Physics
Taisiya Sergeevna Osintseva,"neurologist, Urologist",1923-2008,neurologist interested in chronic feral nidal infections of the nervous system,"Medicine, Biology, Cognitive Science"
Tatiana Rosenthal,physician,1885-1921,"psychoanalyst, physician and specialist in neurology","Medicine, Biology, Physics, Cognitive Science"
Olga Vinogradova,Neuroscientist,1929-2001,cognitive neuroscientist,"Medicine, Biology, Cognitive Science"
Claire Karekezi,"surgeon, neurosurgeon",1982,neurosurgeon at the Rwanda Military Hospital in Kigali,"Medicine, Earth Science, Biology, Mathematics, Cognitive Science"
Dragana Rogulja,"Neuroscientist, biologist",2015,neuroscientist and circadian biologist at the Harvard Medical School Blacatnik Institute of Neurobiology,"Medicine, Chemistry, Biology, Cognitive Science"
Frances Ames,"Activist, Psychiatrist, neurologist, Urologist",1920-2002,"neurologist, psychiatrist, and human rights activist who studied the effects of cannabis on the brain","Medicine, Biology, Cognitive Science"
Gloria Choi,Neuroscientist,2000-,neuroscientist studying maternal immune activation models of autism spectrum disorder,"Medicine, Biology, Cognitive Science, Materials Science"
MarÃÂÃÂÃÂÃÂÃÂÃÂÃÂÃÂÃÂÃÂÃÂÃÂÃÂÃÂÃÂÃÂÃÂÃÂÃÂÃÂÃÂÃÂÃÂÃÂÃÂÃÂÃÂÃÂÃÂÃÂÃÂÃÂ­a DomÃÂÃÂÃÂÃÂÃÂÃÂÃÂÃÂÃÂÃÂÃÂÃÂÃÂÃÂÃÂÃÂÃÂÃÂÃÂÃÂÃÂÃÂÃÂÃÂÃÂÃÂÃÂÃÂÃÂÃÂÃÂÃÂ­nguez Castellano,Neuroscientist,1965,"neuroscientist, director of Developmental Neurobiology at the Institute of Neurosciences, Alicante","Medicine, Chemistry, Biology, Cognitive Science"
Susana Martinez-Conde,"Neuroscientist, Writer",1969,neuroscientist and science writer investigating how our brains create perceptual and cognitive illusions,"Medicine, Biology, Cognitive Science"
Carmen Sandi,Other,1980,research into the neurobiological mechanisms of how stress alters the brain,"Medicine, Chemistry, Biology, Cognitive Science"
Annica DahlstrÃÂÃÂÃÂÃÂÃÂÃÂÃÂÃÂÃÂÃÂÃÂÃÂÃÂÃÂÃÂÃÂÃÂÃÂÃÂÃÂÃÂÃÂÃÂÃÂÃÂÃÂÃÂÃÂÃÂÃÂÃÂÃÂ¶m,Neuroscientist,1941,neuroscientist with a research focus on how nerve cells store and transport signals,"Medicine, Biology, Cognitive Science"
Isabelle Dussauge,Neuroscientist,2010,cognitive neuroscientist who co.founded the NeuroGenderings Networl,"Medicine, Biology, Cognitive Science, Computer Science"
Mouna Esmaeilzadeh,Neuroscientist,1980,Iranian-Swedish neuroscientist and entrepreneur known for her longevity clinic using genetic analyses as part of advanced health check-ups on her patients,"Medicine, Biology, Cognitive Science, Computer Science"
Pam Fredman,Neuroscientist,1950,"neuroscientist, president of the International Association of Universities","Medicine, Biology, Cognitive Science"
Ivanka Savic,Neuroscientist,1953,Serbian-Swedish neuroscientist at the Karolinska Institute known for neurophysiology and neuroimaging research,"Medicine, Biology, Physics, Cognitive Science"
Silvia Arber,"neurobiologist, biologist",1968,neurobiologist investigating the mechanisms involved in the function and assembly of neuronal circuits controlling motor behaviour,"Medicine, Chemistry, Biology, Cognitive Science"
Aude Billard,"Neuroscientist, Physicist",1971,physicist and computational neuroscientist creating machine learning algorithms to develop models of machine learning in humans,"Medicine, Biology, Physics, Cognitive Science, Computer Science"
Jocelyne Bloch,Neuroscientist,2002,neuroscientist investigating deep brain stimulation and brain repair for movement disorders,"Medicine, Biology, Cognitive Science"
Victoria Chan-Palay,Neuroscientist,1945,"Singaporean-born Swiss neuroscientist, founder of the journal Dementia and Geriatric Cognitive Disorders","Medicine, Biology, Cognitive Science"
Anelis Kaiser,Neuroscientist,2008,neuroscientist exploring the influence of heteronormative notions of sexual orientation,"Medicine, Biology, Cognitive Science, Materials Science"
Melanie Greter,"Immunologist, neuroimmunologist",2000,neuroimmunologist studying the ontogeny of microglia and border-associated macrophages,"Medicine, Biology, Cognitive Science"
Sophie Schwartz,professor,1965,professor at the University of Geneva studying neural mechanisms underpinning experience-dependent changes in the human brain,other
Denise Hsien Wu,professor,2007,"professor of neuroscience, chair of the Institute of Cognitive Neuroscience, National Central University","Medicine, Biology, Cognitive Science"
Michelle Antoine,Neuroscientist,2020,neuroscientist researching the notion of excitatory-inhibitory balance and its role in autism,"Medicine, Biology, Cognitive Science"
Cagla Eroglu,"Neuroscientist, professor",2010,neuroscientist and associate professor of cell biology and neurobiology at Duke University,"Medicine, Chemistry, Biology, Cognitive Science"
Nilay Yapici,Neuroscientist,2000,is a neuroscientist at Cornell University who studies the neural circuits underlying decision making and feeding behavior in fruit fly models to pave the way towards an understanding of how to target and treat obesity and eating disorders in patients,"Medicine, Biology, Cognitive Science"
Juliet Sekabunga Nalwanga,"surgeon, neurosurgeon",2018,Uganda's first female neurosurgeon,"Medicine, Earth Science, Biology, Mathematics, Cognitive Science"
Ingrid Allen,Other,1932-2020,known for research into neurodegradation,"Medicine, Biology, Cognitive Science"
Sarah-Jayne Blakemore,Other,1974,research into the perception of causality in the human brain,other
Gemma Calvert,Other,1990,researching multisensory brain systems and how the power of the subconscious brain affects marketing,other
Helen Cassaday,Neuroscientist,1990,neuroscientist investigating the underlying biology of associative learning processes,"Medicine, Chemistry, Biology, Cognitive Science"
Nicola Clayton,psychologist,1962,psychologist specializing in comparative cognition,"Medicine, Cognitive Science, Computer Science"
Hannah Critchlow,Neuroscientist,1980,neuroscientist with a research focus on cellular and molecular neuroscience,"Medicine, Biology, Cognitive Science"
Iroise Dumontheil,Neuroscientist,2015,neuroscientist with a research focus on the social cognition and executive functions associated with the rostral prefrontal cortex,"Medicine, Biology, Cognitive Science"
Wendy Ewart,Other,2000,responsible for the development of the Medical Research Council's strategic plan,Medicine
Elizabeth Fisher,professor,1980,professor at University College London investigating degeneration of motor neurons triggered by Down syndrome,"Medicine, Biology, Mathematics, Cognitive Science"
Maria Fitzgerald,Neuroscientist,1953,neuroscientist studying the developmental physiology and neurobiology of nociceptor circuits in the brain and spinal cord,"Medicine, Chemistry, Biology, Physics, Cognitive Science"
Sarah Garfinkel,Neuroscientist,2006,neuroscientist studying the link between interoception and the brain,"Medicine, Biology, Cognitive Science"
Sonia Gandhi,Other,2000,"Francis Crick Institute neurodegeneration laboratory, investigating molecular mechanisms behind Parkinson's disease","Medicine, Biology, Cognitive Science"
Alison Goate,Other,1980,known for studying the genetics of Alzheimer's disease and related dementias,Computer Science
Usha Goswami,Neuroscientist,1960,"neuroscientist investigating the neural basis of developmental dyslexia, of speech and language impairments, and of rhythmic motor behaviour","Medicine, Biology, Cognitive Science"
Susan Greenfield,Writer,1950,"scientist, writer and broadcaster with a research focus on he treatment of Parkinson's and Alzheimer's diseases",other
Francesca HappÃÂÃÂÃÂÃÂÃÂÃÂÃÂÃÂÃÂÃÂÃÂÃÂÃÂÃÂÃÂÃÂÃÂÃÂÃÂÃÂÃÂÃÂÃÂÃÂÃÂÃÂÃÂÃÂÃÂÃÂÃÂÃÂ©,Neuroscientist,1967,cognitive neuroscientist investigating autism spectrum conditions,"Medicine, Biology, Cognitive Science"
Julie M. Harris,psychologist,1967,"psychologist who studies binocular vision, vision and animal patterning","Medicine, Cognitive Science"
Jane Hayley,physiologist,2012,"electrophysiologist, neuroscience scientific coordinator at the University of Edinburgh","Medicine, Engineering, Biology, Physics, Cognitive Science"
Christine Holt,Neuroscientist,1954,developmental neuroscientist investigating the basic mechanisms of the vertebrate brain,"Medicine, Biology, Cognitive Science"
Heidi Johansen-Berg,professor,1974,"professor of cognitive neuroscience at the University of Oxford, studying brain plasticity in regard to stroke rehabilitation and ageing","Medicine, Biology, Cognitive Science"
Eve Johnstone,"physician, Psychiatrist, academic",1944,"Scottish physician, clinical researcher, psychiatrist and academic investigating schizophrenia and psychotic illness","Medicine, Physics, Cognitive Science"
Annette Karmiloff-Smith,Neuroscientist,1938-2016,cognitive neuroscientist known for research into Williams syndrome,"Medicine, Biology, Cognitive Science"
Tara Keck,Neuroscientist,2000,neuroscientist investigating synaptic and homeostatic plasticity in the neocortex,"Medicine, Biology, Cognitive Science"
Diane Lipscombe,professor,1960,"professor of neuroscience at the Robert J. and Nancy D. Carney Institute for Brain Science, Brown University","Medicine, Biology, Cognitive Science"
Jennifer S. Lund,anatomist,1940,anatomist focused on he organization of feedforward and feedback circuits in the neocortex,Chemistry
Giovanna Mallucci,Neuroscientist,2000,neuroscientist specializing in neurodegenerative diseases,"Medicine, Biology, Cognitive Science"
Ruth McKernan,Neuroscientist,1980,neuroscientist known for her work on ligand-gated ion channels as well as for services to business and innovation,"Medicine, Biology, Cognitive Science"
Katharine Montagu,Other,1966,first to identify dopamine in the human brain,other
Freda Newcombe,"neuropsychologist, psychologist",1925-2001,clinical neuropsychologist playing a pivotal role in the development of cognitive neuropsychology,"Medicine, Biology, Cognitive Science"
Esther Odekunle,"neurobiologist, biologist",2010,neurobiologist and antibody engineer researching risks from antibodies,"Medicine, Engineering, Chemistry, Biology, Cognitive Science"
Karalyn Patterson,Other,1943,specialist in cognitive neuropsychology,"Medicine, Biology, Cognitive Science"
Marysia Placzek,professor,2012,professor of developmental neurobiology at the University of Sheffield,"Medicine, Chemistry, Biology, Cognitive Science"
Cathy Price,professor,1990,professor of cognitive neuroscience at University College London,"Medicine, Biology, Cognitive Science"
Gina Rippon,Other,1950,"research involving the application of brain imaging techniques, particularly electroencephalography and magnetoencephalography","Engineering, Physics, Computer Science"
Katya Rubia,Neuroscientist,1994,neuroscientist best known for her work in child cognitive neuroscience and neuropsychiatry,"Medicine, Biology, Cognitive Science"
Barbara Sahakian,Other,2000,"known for her contributions to psychopharmacology, neuroethics, neuropsychology, neuropsychiatry and neuroimaging","Medicine, Chemistry, Biology, Cognitive Science"
Sophie Scott,Neuroscientist,1966,"neuroscientist investigating the cognitive neuroscience of voices, speech and laughter","Medicine, Biology, Cognitive Science"
Aditi Shankardass,Other,2009,clinical work using electroencephalogram recordings of the brain to diagnose developmental disorders in children,"Medicine, Engineering, Biology, Physics, Environmental Science"
Rebeccah Slater,professor,2010,professor of paediatric neuroscience at the University of Oxford,"Medicine, Biology, Cognitive Science"
Maria Grazia Spillantini,Neuroscientist,1980,neuroscientist noted for identifying the protein alpha-synuclein as the major component of Lewy bodies,"Medicine, Biology, Cognitive Science, Computer Science, Materials Science"
Tara Spires-Jones,Neuroscientist,1976,neuroscientists studying synapse degeneration and resilience in Alzheimer's and other neurodegenerative diseases,"Medicine, Biology, Cognitive Science"
Susan Standring,"neurobiologist, Writer, biologist",1970,"experimental neurobiologist, writer and researcher","Medicine, Chemistry, Biology, Cognitive Science"
Karen Steel,Other,1990,"geneticist studying the genetics behind deafness, mainly focusing on the genetics of mice",Computer Science
Sarah Tabrizi,"Neuroscientist, neurologist, Urologist",1965,British-Iranian neurologist and neuroscientist in the field of neurodegeneration,"Medicine, Biology, Cognitive Science"
Kathleen Taylor,Neuroscientist,2000,"neuroscientist with a focus on physiology, psychology and the neuroscience of belief","Medicine, Biology, Physics, Cognitive Science"
Irene Tracey,Other,1966,research focused on the neuroscience of pain perception and analgesia,"Medicine, Biology, Mathematics, Cognitive Science"
Anne Treisman,psychologist,1935-2018,"cognitive psychologist researching visual attention, object perception, and memory","Medicine, Cognitive Science"
Angela Vincent,"chemist, Biochemist",1942,"known for research in the areas of molecular biology, biochemistry, cellular immunology and intracellular neurophysiology","Medicine, Chemistry, Biology, Physics, Cognitive Science"
Elizabeth Warrington,"neuropsychologist, psychologist",1931,neuropsychologist specialised in the study of dementia,"Medicine, Biology, Cognitive Science"
Heather Whalley,Psychiatrist,2010,psychiatrist with a research focus on the mechanisms underlying the development of major psychiatric disorders,other
Barbara Wilson,psychologist,1941,"psychologist, founder of the Oliver Zangwill Centre for Neuropsychological Rehabilitation, Ely, Cambridgeshire","Medicine, Biology, Cognitive Science"
Emma Yhnell,Neuroscientist,2015,neuroscientists with a research focus on Huntington's disease,"Medicine, Biology, Cognitive Science"
Carmela Abraham,Neuroscientist,1990,neuroscientist studying Alzheimer's disease,"Medicine, Biology, Cognitive Science"
Susan Ackerman,Neuroscientist,2000,neuroscientist and geneticist known for investigating genetic and biochemical factors behind the central nervous system,"Medicine, Engineering, Chemistry, Biology, Cognitive Science, Computer Science"
Elizabeth Adkins-Regan,Other,1945,comparative behavioural neuroendocrinologist known for research on the hormonal and neural mechanisms of reproductive behaviour,"Medicine, Biology, Cognitive Science, Computer Science"
Huda Akil,Neuroscientist,1945,Syrian-American neuroscientist focusing on the neurobiology of emotions,"Medicine, Chemistry, Biology, Cognitive Science"
Susan Amara,Neuroscientist,2000,neuroscientist focusing on the parts of the brain activated by the effects of addictive drugs,"Medicine, Biology, Cognitive Science"
Julia Tutelman Apter,Other,1979,One of the first specialists in neurophysiological research[1],"Medicine, Biology, Physics, Cognitive Science"
Nancy Coover Andreasen,"Psychiatrist, Neuroscientist",1938,neuroscientist and neuropsychiatrist known for developing the concept of negative symptoms in schizophrenia,"Medicine, Biology, Cognitive Science"
Anne M. Andrews,"chemist, Neuroscientist",1990,neuroscientist focused on the neurochemistry of the brain's serotonin system,"Medicine, Chemistry, Biology, Cognitive Science"
Amy Arnsten,Neuroscientist,1980,neuroscientist focused on the molecular mechanisms behind the higher cortical circuits governing cognition,"Medicine, Biology, Cognitive Science"
Ream Al-Hasani,"Neuroscientist, Pharmacologist",,"British-born American neuroscientist and pharmacologist studying endogenous opioids in addiction,pain,and affective disorders","Medicine, Chemistry, Biology, Cognitive Science"
Kristin Baldwin,Other,1998,neuroecientist focusing on reprogrammed and induced pluripotent stem cells to study the epigenetic changes of the genome and brain,"Medicine, Biology, Cognitive Science, Computer Science"
Tracy Bale,"Molecular Biologist, Neuroscientist, biologist",1969,neuroscientist and molecular biologist focusing on parental prenatal stress and its effect on offspring,"Medicine, Chemistry, Biology, Cognitive Science"
Cornelia Bargmann,"neurobiologist, biologist",1962,neurobiologist known for her work on the genetic and neural circuit mechanisms of behavior using C. elegans,"Medicine, Chemistry, Biology, Cognitive Science, Computer Science"
Carol A. Barnes,Neuroscientist,2000,neuroscientist focusing on the neurophysiological and behavioral changes that occur in the brain during ageing,"Medicine, Biology, Physics, Cognitive Science"
Lisa Feldman Barrett,"psychologist, Neuroscientist",1963,"psychologist and neuroscientist studying emotion, known for How Emotions are Made: The Secret Life of the Brain","Medicine, Biology, Cognitive Science"
Susan R. Barry,"neurobiologist, physician, biologist",1981,neurobiologist and physician known for her Fixing My Gaze: A Scientist's Journey into Seeing in Three Dimensions,"Medicine, Chemistry, Biology, Physics, Cognitive Science"
Jessica Barson,Neuroscientist,2010,neuroscientist investigating neuropeptide signalling in the paraventricular nucleus of the thalamus,"Medicine, Biology, Cognitive Science"
Danielle Bassett,"Neuroscientist, Physicist",1981,physicist and systems neuroscientist applying network science to the study of learning in the human brain,"Medicine, Biology, Physics, Cognitive Science, Computer Science"
Amy Bastian,Neuroscientist,1968,neuroscientist contributing to the neuroscience of sensorimotor control,"Medicine, Biology, Cognitive Science"
Diana Bautista,Neuroscientist,2000,"neuroscientist known for her work on the molecular mechanisms underlying itch, touch and pain","Medicine, Biology, Cognitive Science"
Elaine Bearer,Neuroscientist,1990,"neuroscientist, pathologist and composer, recent research on magnetic resonance imaging of neural connections and brain activity in transgenic mouse models of human disorders","Medicine, Biology, Cognitive Science, Computer Science, Materials Science"
Marlene Behrmann,psychologist,1959,psychologist specializing in the cognitive neuroscience of visual perception,"Medicine, Biology, Cognitive Science"
Ursula Bellugi,Neuroscientist,1931,German-American neuroscientist researching the biological bases of language,"Medicine, Chemistry, Biology, Cognitive Science"
April A. Benasich,Neuroscientist,1980,neuroscientist known for research on the early neural processes necessary for normal cognitive and language development,"Medicine, Biology, Cognitive Science"
Joanne Berger-Sweeney,Neuroscientist,1990,"neuroscientist researching the neurobiology of learning and memory, with applications to neurodevelopmental disorders","Medicine, Chemistry, Biology, Cognitive Science"
Heather A. Berlin,Neuroscientist,2000,neuroscientist noted for her work in science communication and outreach,"Medicine, Biology, Cognitive Science"
Mayim Bialik,"Neuroscientist, author",1975,"actress, author and neuroscientist","Medicine, Biology, Cognitive Science"
Staci Bilbo,"professor, Immunologist, neuroimmunologist",2000,neuroimmunologist and professor of psychology and neuroscience at Duke University,"Medicine, Biology, Cognitive Science"
Sherilynn Black,Neuroscientist,2010,neuroscientist at Duke University researching social neuroscience,"Medicine, Biology, Cognitive Science"
Eliza Bliss-Moreau,Neuroscientist,2008,neuroscientist focusing on the biology of emotions in humans and animals,"Medicine, Chemistry, Biology, Cognitive Science"
Brenda Bloodgood,Neuroscientist,2000,neuroscientist studying synaptic plasticity,"Medicine, Biology, Cognitive Science"
Jill Bolte Taylor,"anatomist, author",1959,"neuroanatomist, author, and inspirational public speaker, known for studying severe mental illnesses and her My Stroke of Insight, A Brain Scientist's Personal Journey","Medicine, Biology, Cognitive Science"
Susan Y. Bookheimer,Neuroscientist,2010,neuroscientist known for her work developing brain imaging techniques to help patients with Alzheimer's and related disease,"Medicine, Biology, Cognitive Science"
Nancy Bonini,Neuroscientist,1959,"neuroscientist and geneticist, known for pioneering the use of Drosophila to study neurodegeneration of the human brain","Medicine, Biology, Cognitive Science, Computer Science"
Lisa Boulanger,Other,1990,research at Princeton University on immune proteins in the formation and function of neuronal connectivity,"Medicine, Biology, Cognitive Science, Materials Science"
Mary Brazier,Neuroscientist,1904-1995,British-born American neuroscientist known for her fundamental contributions to the study of EEG changes in anesthesia,"Medicine, Biology, Cognitive Science"
Louann Brizendine,Neuroscientist,1952,neuroscientist researching women's moods and hormones,"Medicine, Biology, Cognitive Science"
Katja Brose,Neuroscientist,2000,neuroscientist known for identifying the receptor Robo and its ligand Slit as a new family of axon guidance molecule,"Medicine, Biology, Cognitive Science"
Linda B. Buck,Other,1947,"Nobel laureate, best known for her work on the olfactory system",other
Elizabeth A. Buffalo,Other,2010,research into neurophysiology and the role of the hippocampus and medial temporal lobe structures in learning and memory,"Medicine, Biology, Physics, Cognitive Science"
Mary Bartlett Bunge,Neuroscientist,1941,neuroscientist researching a cure for paralysis,"Medicine, Biology, Cognitive Science"
Denise Cai,Other,2010,researching memory formation at the Icahn School of Medicine at Mount Sinai,"Medicine, Materials Science"
Patricia Carpenter,Neuroscientist,2000,neuroscientist focusing on the organization of the cognitive systems in immediate thought,"Medicine, Chemistry, Biology, Cognitive Science"
Mary Carskadon,Other,1990,investigating sleep disorders,other
C. Sue Carter,"neurobiologist, biologist",1990,biologist and behavioral neurobiologist specializing in behavioral neuroendocrinology,"Medicine, Chemistry, Biology, Cognitive Science"
Vivien Casagrande,Neuroscientist,1942-2017,neuroscientist known for her research on understanding how the visual thalamus and cortex interact to construct our perceptual world,"Medicine, Biology, Cognitive Science"
Constance Cepko,Neuroscientist,1982,neuroscientist researching retroviral vectors in studying the development of the retina,"Medicine, Biology, Cognitive Science"
Gloria Choi,Neuroscientist,2014,"neuroscientist at the Picower Institute for Leaning and Memory at MIT, researching the role of the immune system in autism spectrum disorder-like phenotypes","Medicine, Biology, Cognitive Science"
Anne Churchland,Neuroscientist,2000,neuroscientist studying the function of the posterior parietal cortex in cognitive processes,"Medicine, Biology, Cognitive Science"
Patricia Churchland,philosopher,1943,Canadian-American philosopher focusing on the interface between neuroscience and philosophy,"Medicine, Biology, Cognitive Science"
Uraina Clark,Neuroscientist,2008,"neuroscientist, Icahn School of Medicine at Mount Sinai, researching functional magnetic resonance imaging to understand how stressors impact brain and behavior","Medicine, Biology, Cognitive Science, Computer Science"
Martha Constantine-Paton,Neuroscientist,2000,"neuroscientist focusing on synaptic plasticity and brain development, particularly visual development","Medicine, Biology, Cognitive Science"
Suzanne Corkin,Neuroscientist,1937-2016,"neuroscientist best known for her research on human memory, which she studied in patients with Alzheimer's disease, Parkinson's disease, and amnesia","Medicine, Biology, Cognitive Science"
Seana Coulson,Other,2000,cognitive scientist researching the neurobiology of language,"Medicine, Chemistry, Biology, Cognitive Science"
Jacqueline Crawley,Neuroscientist,1970,neuroscientist known for developing tests including the three-compartment test to evaluate mouse social behaviour,"Medicine, Biology, Cognitive Science, Computer Science"
Molly J. Crockett,Neuroscientist,2010,neuroscientist studying the role of neurotransmitters on decision-making,"Medicine, Biology, Cognitive Science"
Elizabeth C. Crosby,anatomist,1888-1983,neuroanatomist known for her outstanding contributions to comparative and human neuroanatomy,"Medicine, Biology, Cognitive Science, Computer Science"
Meaghan Creed,Neuroscientist,2000,neuroscientists known for pioneering research into understanding and applying deep brain stimulation to treat brain related diseases,"Medicine, Biology, Cognitive Science"
Jessica Cardin,Neuroscientist,2000,neuroscientist studying local circuits within the primary visual cortex to understand how cellular and synaptic interactions flexibly adapt to different behavioral states and contexts to give rise to visual perceptions and drive motivated behaviors.,"Medicine, Biology, Cognitive Science"
Merit Cudkowicz,"Neuroscientist, neurologist, Urologist",2000,"is a Neurologist, Neuroscientist, and leading world expert in the study of amyotrophic lateral sclerosis","Medicine, Biology, Cognitive Science"
Mary Fenner Dallman,Other,1935-2021,"neuroendocrinologist known for elucidating function along the hypothalamic, pituitary, adrenal axis","Medicine, Biology, Cognitive Science"
Hanna Damasio,Neuroscientist,1970,"neuroscientist known for using brain imaging methods, such as computerized tomography and nuclear magnetic resonance for diagnosing brain diseases","Medicine, Engineering, Biology, Physics, Cognitive Science, Computer Science"
Muriel Davisson,Other,1970,geneticist known for developing the Down syndrome mouse model Ts65Dn,Computer Science
Valina L. Dawson,Neuroscientist,1961,neuroscientist researching the molecular mechanisms that lead to neuronal cell death in neurodegenerative diseases,"Medicine, Biology, Cognitive Science"
Lindsay M. De Biase,Other,2000,explores the diversity of microglia that exist within the basal ganglia circuitry to one day target regional or circuit-specific microglia in disease,Biology
Christine Ann Denny,Neuroscientist,2010,neuroscientist investigating the molecular mechanisms underlying learning and memory,"Medicine, Biology, Cognitive Science"
Adele Diamond,Other,1952,co-founded the field of developmental cognitive neuroscience,"Medicine, Biology, Cognitive Science"
Marian Diamond,Other,1926-2017,pioneering scientist and educator considered to be one of the founders of modern neuroscience,"Medicine, Biology, Cognitive Science"
Zoe R. Donaldson,Neuroscientist,2000,American neuroscientist exploring the neurobiological and genetic mechanisms of social bonding and social behavior in rodents,"Medicine, Chemistry, Biology, Cognitive Science, Computer Science"
Dena Dubal,Other,2011,research showing that the hormone Klotho can enhance cognition and diminish neurodegenerative decline,"Medicine, Biology, Cognitive Science"
Catherine Dulac,Neuroscientist,,French-American neuroscientist researching the molecular biology of olfactory signaling in mammels,"Medicine, Chemistry, Biology, Cognitive Science"
Susan Durham,"surgeon, professor, neurosurgeon",2010,"neurosurgeon, professor at the University of Southern California Keck School of Medicine","Medicine, Earth Science, Biology, Mathematics, Cognitive Science"
Susan Dymecki,Neuroscientist,1960,geneticist and neuroscientist at Harvard's Dymecki Lab,"Medicine, Biology, Cognitive Science, Computer Science"
Emmeline Edwards,chemist,2000,neurochemist researching neural mechanisms of complex behaviors,"Medicine, Chemistry, Biology, Cognitive Science, Computer Science"
Gillian Einstein,Neuroscientist,1952,neuroscientist focusing on the anatomy of the female brain,"Medicine, Biology, Cognitive Science"
Judith S. Eisen,"Neuroscientist, professor",1951,"American neuroscientist and professor of biology at the University of Oregon who helped establish zebrafish as a model in which to study vertebrate nervous system development. Eisen conducts fundamental research in the specification and patterning of the vertebrate nervous system with a focus on developmental interactions between the nervous system, immune system, and host-associated microbiota","Medicine, Chemistry, Biology, Cognitive Science"
Lise Eliot,Neuroscientist,2000,"neuroscientist known for her book on gender differences, Pink Brain, Blue Brain: How Small Differences Grow into Troublesome Gaps and What We Can Do About It","Medicine, Biology, Cognitive Science"
Karen Emmorey,"Linguist, Neuroscientist",2010,linguist and cognitive neuroscientist investigating the neuroscience of sign language,"Medicine, Biology, Cognitive Science"
Alev Erisir,Neuroscientist,2000,Turkish-American neuroscientist researching synaptic connectivity in the visual and taste systems,"Medicine, Biology, Cognitive Science"
Emily Falk,Neuroscientist,2010,"American communication neuroscientist studying behavior change and the spread of ideas, with a focus on linking neural activity to individual, group, and population behavior","Medicine, Biology, Cognitive Science"
Evelina Fedorenko,Neuroscientist,1980,Russian-American cognitive neuroscientist,"Medicine, Biology, Cognitive Science"
Eva Feldman,"neurologist, Urologist",1979,neurologist contributing to various areas of research including the diagnosis of diabetic neuropathy and the application of stem cell therapy for treating human diseases such as Alzheimer's,"Medicine, Biology, Cognitive Science"
Marla Feller,professor,1990,professor of biological sciences studying mechanisms underpinning the assembly of neural circuits,"Chemistry, Biology"
Ila Fiete,Neuroscientist,2000,Indian-American computational neuroscientist,"Medicine, Biology, Cognitive Science, Computer Science"
Susan Fiske,"psychologist, Neuroscientist",1952,psychologist and neuroscientist known for work on social cognition at Princeton University,"Medicine, Biology, Cognitive Science"
Shelly Flagel,Neuroscientist,2000,"behavioral neuroscientist studying the individual differences in addiction and impulse control disorders, reward learning, and motivated behaviour neurobiology","Medicine, Chemistry, Biology, Cognitive Science"
Alice Weaver Flaherty,"neurologist, Urologist",2000,"neurologist researching how human brains represent their bodies in relation to depression, Parkinson's, and somatoform disorders","Medicine, Biology, Cognitive Science, Materials Science"
Joyonna Gamble-George,Neuroscientist,2014,"neuroscientist, innovator and entrepreneur, researching the endocannabinoid system in stress-induced maladaptations of the brain","Medicine, Biology, Cognitive Science"
Michela Gallagher,"psychologist, Neuroscientist",2008,cognitive psychologist and neuroscientist at Johns Hopkins University,"Medicine, Biology, Cognitive Science"
Sandra M. Garraway,Neuroscientist,,is an American neuroscientist who studies the neural mechanisms of spinal nociceptive pain after spinal cord injury,"Medicine, Biology, Cognitive Science"
Kathleen Gates,"psychologist, Neuroscientist",2000,neuroscientist and quantitative psychologist developing statistical methods for the analysis of intensive longitudinal data,"Medicine, Biology, Mathematics, Cognitive Science, Computer Science"
Lisa Genova,"Neuroscientist, professor, Writer",1970,neuroscientist and writer known for her novel Still Alive about a professor with Alzheimer's disease,"Medicine, Biology, Cognitive Science"
Morton Ann Gernsbacher,"psycholinguist, Linguist, Neuroscientist",1980,neuroscientist specializing in autism and psycholinguistics,"Medicine, Biology, Cognitive Science"
Erin M. Gibson,biologist,,is a glial and circadian biologist studying the molecular mechanisms by which the circadian rhythm modulates glial biology,"Chemistry, Biology"
Lisa Giocomo,Neuroscientist,2012,neuroscientist investigating molecular and cellular mechanisms underlying cortical neural circuits,"Medicine, Biology, Cognitive Science"
Erica Glasper,Neuroscientist,2005,behavioral neuroscientist with a laboratory at the University of Maryland,"Medicine, Biology, Cognitive Science"
Patricia Goldman-Rakic,Other,1937-2003,first to discover and describe the circuitry of the prefrontal cortex and its relationship to working memory,other
Miriam B. Goodman,Neuroscientist,2000,neuroscientist working to develop of mechanistic model of sensation in C. elegans,"Medicine, Biology, Cognitive Science"
Lisa Goodrich,"neurobiologist, biologist",1969,neurobiologist specializing in the cellular and molecular mechanisms behind the development of neural circuits,"Medicine, Chemistry, Biology, Cognitive Science"
Elizabeth Gould,Neuroscientist,1962,neuroscientist focusing on adult neurogenesis in the hippocampus,"Medicine, Biology, Cognitive Science"
Patricia A. Grady,Neuroscientist,1990,"neuroscientist known for her books on hypertension, cerebrovascular permeability, vascular stress, and cerebral edema","Medicine, Biology, Cognitive Science"
Michelle Gray,Other,,with a focus on neuron-glia interactions in HD,"Medicine, Biology, Cognitive Science"
Ann Graybiel,Neuroscientist,1942,neuroscientist specializing on the basal ganglia and the neurophysiology of habit formation,"Medicine, Biology, Physics, Cognitive Science, Materials Science"
Carla Green,"neurobiologist, biologist",1962,neurobiologist and chronobiologist studying studies the molecular mechanism of circadian rhythms in mammals,"Medicine, Chemistry, Biology, Cognitive Science"
Sue T. Griffin,Neuroscientist,1934,neuroscientist known for investigating the role of neuroinflammation in the pathogenesis of Alzheimer's disease,"Medicine, Biology, Cognitive Science, Materials Science"
Theanne Griffith,Neuroscientist,2011,neuroscientist studying mammalian thermosensation,"Medicine, Biology, Physics, Cognitive Science"
Kalanit Grill-Spector,Neuroscientist,2000,neuroscientist studying the structure and function of the human visual system with MRI,"Medicine, Biology, Cognitive Science"
Chenghua Gu,professor,2007,"professor, Harvard Medical School, researching the blood-brain barrier",Medicine
Lisa Gunaydin,Neuroscientist,,neuroscientist who helped discover and specializes in optogenetic technology,"Medicine, Biology, Cognitive Science, Computer Science"
Melina Hale,Neuroscientist,1998,neuroscientist studying zebrafish to understand how the brain communicates with muscles to generate movement,"Medicine, Biology, Cognitive Science"
Marnie Halpern,biologist,1956,molecular and systems biologist who has focused on studying how differences are established between the right and left sides of the developing brain,"Medicine, Chemistry, Biology"
Michelle Hampson,professor,2010,associate professor of radiology and biomedical imaging at Yala University,"Medicine, Chemistry, Biology"
Kristen Harris,Neuroscientist,1954,neuroscientist studying the structure and function of synapses using 3D-electron microscopy,"Medicine, Engineering, Biology, Physics, Cognitive Science"
Mary Hatten,Neuroscientist,1975,neuroscientist researching how neurons migrate in the brain,"Medicine, Biology, Cognitive Science"
Kiralee Hayashi actress,author,,"stuntwoman,gymnast and scientist who co-authored Brain surface parameterization using Riemann surface structure,",other
Dena G. Hernandez,Other,2016,"neurogeneticist, head of genomic technologies at the National Institute on Aging","Medicine, Biology, Cognitive Science, Computer Science"
Rachel Sarah Herz,"psychologist, Neuroscientist",1990,psychologist and a cognitive neuroscientist known as an expert on the psychology of smell,"Medicine, Biology, Cognitive Science"
Melissa Hines,Neuroscientist,2000,neuroscientist studying the development of gender and how the interaction of prenatal and postnatal experience shapes brain development and behaviour,"Medicine, Biology, Cognitive Science"
Susan Hockfield,Neuroscientist,1951,neuroscientist known for pioneering the use of monoclonal antibody technology in brain research,"Medicine, Biology, Cognitive Science"
Julianne Holt-Lunstad,"psychologist, Neuroscientist",2010,psychologist and neuroscientist focusing on the long-term health effects of social connections and loneliness,"Medicine, Biology, Cognitive Science"
Elaine Hsiao,biologist,,American biologist who investigates how ÃÂÃÂÃÂÃÂÃÂÃÂÃÂÃÂÃÂÃÂÃÂÃÂÃÂÃÂÃÂÃÂ¢ÃÂÃÂÃÂÃÂÃÂÃÂÃÂÃÂÃÂÃÂÃÂÃÂÃÂÃÂÃÂÃÂÃÂÃÂÃÂÃÂÃÂÃÂÃÂÃÂÃÂÃÂÃÂÃÂÃÂÃÂÃÂÃÂperipheralÃÂÃÂÃÂÃÂÃÂÃÂÃÂÃÂÃÂÃÂÃÂÃÂÃÂÃÂÃÂÃÂ¢ÃÂÃÂÃÂÃÂÃÂÃÂÃÂÃÂÃÂÃÂÃÂÃÂÃÂÃÂÃÂÃÂÃÂÃÂÃÂÃÂÃÂÃÂÃÂÃÂÃÂÃÂÃÂÃÂÃÂÃÂÃÂÃÂ changes in the immune system and resident microbiota impact the nervous system,"Chemistry, Biology"
Yasmin Hurd,Neuroscientist,2000,neuroscientist studying addiction in people and animal models including changes caused by cannabis,"Medicine, Biology, Cognitive Science"
Lisa James,"Clinical Psychologist, psychologist, Neuroscientist",2009,clinical psychologist and neuroscientist at the University of Minnesota Medical School,"Medicine, Biology, Cognitive Science"
Dorothea Jameson,psychologist,1920-1998,cognitive psychologist known for her contribution to the field of colour and vision,"Medicine, Cognitive Science"
Lily Jan,Neuroscientist,1947,Chinese-American neuroscientist known for breakthroughs in neurogenesis and cell fate specification and for studying ion channels,"Medicine, Biology, Cognitive Science"
Patricia Janak,"psychologist, Neuroscientist",1965,psychologist and neuroscientist contributing to the biological basis of behaviour in the context of associative learning,"Medicine, Chemistry, Biology, Cognitive Science"
Charlene Drew Jarvis,Other,1941,scientific researcher and politician,other
Amishi Jha,"psychologist, Neuroscientist",1998,psychologist and neuroscientist showing how mindfulness training improves numerous aspects of both cognitive and emotional health,"Medicine, Biology, Cognitive Science"
Yishi Jin,"neurobiologist, professor, biologist",2003,"Chinese-American neurobiologist, professor at the Howard Hughes Medical Institute","Medicine, Chemistry, Biology, Cognitive Science"
Crystal C. Watkins Johansson,"Psychiatrist, Neuroscientist",2000,neuroscientist and psychiatrist at the Johns Hopkins University School of Medicine,"Medicine, Biology, Cognitive Science"
Elizabeth Jonas,professor,2013,professor of endocrinology and neuroscience at the Yale School of Medicine,"Medicine, Biology, Cognitive Science"
Lataisia Jones,Neuroscientist,2016,neuroscientist studying neurological disorders through molecular and systems biology,"Medicine, Chemistry, Biology, Cognitive Science"
Theresa A. Jones,Neuroscientist,1964,neuroscientist focusing on neural plasticity across the lifespan synaptic connectivity in adult animals following brain damage during skill learning,"Medicine, Biology, Cognitive Science"
Nancy Kanwisher,Neuroscientist,1958,cognitive neuroscientist known for discovering the fusiform face area and the arahippocampal place area,"Medicine, Biology, Cognitive Science"
Leslie M. Kay,Neuroscientist,1999,neuroscientist at the University of Chicago studying the neurophysiology of the olfactory bulb,"Medicine, Biology, Physics, Cognitive Science"
Tara Keck,professor,1978,professor of neuroscience at University College London,"Medicine, Biology, Cognitive Science"
JacSue Kehoe,Neuroscientist,1935,neuroscientist studying the neurons of Aplysia californica and the post-synaptic nerve response,"Medicine, Biology, Cognitive Science"
Ann E. Kelley,Neuroscientist,1954-2007,neuroscientist specialized in the neuroscience of reward and behavior,"Medicine, Biology, Cognitive Science"
Darcy Kelley,"neurobiologist, biologist",1948,neurobiologist contributing to neuroethology,"Medicine, Chemistry, Biology, Cognitive Science"
Mary B. Kennedy,"chemist, Biochemist, Neuroscientist",1947,biochemist and neuroscientist focusing on the molecular mechanisms of synaptic plasticity,"Medicine, Chemistry, Biology, Cognitive Science"
Catherine Kerr,Neuroscientist,2000,neuroscientist investigating the effects of body-based attention practices such as Tai Chi and mindfulness on the brain and nervous system,"Medicine, Biology, Cognitive Science"
Kristen Knutson,"neurologist, Urologist",2000,neurologist known for research into the mortality rates of evening and morning types,"Medicine, Biology, Cognitive Science"
Nancy Kopell,mathematician,1942,mathematician known from applying mathematical models to analyze the physiological mechanisms of brain dynamics,"Medicine, Mathematics, Physics, Materials Science"
Nina Kraus,Neuroscientist,2000,neuroscientist investigating the neural encoding of speech and music and its plasticity,"Medicine, Biology, Cognitive Science"
Mary Jeanne Kreek,"neurobiologist, biologist",1937-2021,neurobiologist specializing in the study and treatment of addiction,"Medicine, Chemistry, Biology, Cognitive Science"
Leah Krubitzer,Neuroscientist,1980,neuroscientist investigating how complex brains in mammals evolve from simpler forms,"Medicine, Biology, Cognitive Science, Computer Science"
Patricia K. Kuhl,Neuroscientist,1970,neuroscientist investigating early language and brain development and how young children learn,"Medicine, Biology, Cognitive Science"
Marta Kutas,"Linguist, Neuroscientist",1949,"cognitive neuroscientist known for discovering the N400, an event-related potential component typically elicited by unexpected linguistic stimuli","Medicine, Biology, Cognitive Science, Computer Science, Materials Science"
Adrienne C. Lahti,Neuroscientist,1995,Belgian-American neuroscientist at the University of Alabama at Birmingham,"Medicine, Biology, Cognitive Science"
Story Landis,"neurobiologist, biologist",1970,neurobiologist and former director of the National Institute of Neurological Disorders and Stroke at the National Institutes of Health,"Medicine, Chemistry, Biology, Cognitive Science"
Lynn T. Landmesser,Other,1943,"biological scientist known for developmental neuroscience research, particularly relating to the spinal cord and the formation of spinal motor circuits","Medicine, Chemistry, Biology, Cognitive Science, Materials Science"
Maria Lehtinen,Neuroscientist,2000,neuroscientist at the Harvard Medical School,"Medicine, Biology, Cognitive Science"
Jerre Levy,"psychologist, Neuroscientist",1938,psychologist and neuroscientist studying the relationship between the cerebral hemispheres and visual-oriented versus language-oriented tasks,"Medicine, Biology, Cognitive Science"
Linda Liau,"surgeon, Neuroscientist, neurosurgeon",2007,neurosurgeon and neuroscientist at the Daviid Geffen School of Medicine at UCLA,"Medicine, Earth Science, Biology, Mathematics, Cognitive Science"
Christiane Linster,Neuroscientist,1962,Luxembourg-American behavioural neuroscientist known for research into neuromodulation relating to learning and memory,"Medicine, Biology, Cognitive Science"
Judy Liu,Neuroscientist,2000,neuroscientist working on cortical malformations causing epilepsy,"Medicine, Biology, Cognitive Science, Materials Science"
Margaret Livingstone,"neurobiologist, biologist",1950,neurobiologist known for her book Vision and Art: The Biology of Seeing,"Medicine, Chemistry, Biology, Cognitive Science"
Jeanne Loring,"neurobiologist, biologist",1950,development neurobiologist and geneticist studying several fields including the genomics and epigenetics of pluripotent stem cells,"Medicine, Chemistry, Biology, Cognitive Science, Computer Science"
Victoria Luine,"chemist, psychologist, Writer",2000,"psychologist, neurochemist and writer","Medicine, Chemistry, Biology, Cognitive Science"
Beatriz Luna,Neuroscientist,1999,developmental neuroscientist conducting neuroimaging research on the development of cognitive control,"Medicine, Biology, Cognitive Science"
Misha Mahowald,Neuroscientist,1963-1996,computational neuroscientist working in the field of neuromorphic engineering,"Medicine, Engineering, Biology, Cognitive Science, Computer Science"
Gail Mandel,Other,,her research is focused on understanding how neuronal cell identity is established and maintained,"Medicine, Biology, Cognitive Science"
Eve Marder,Neuroscientist,1970,experimental and computational neuroscientist known for her work on neural circuits in the crustacean stomatogastric nervous system,"Medicine, Biology, Cognitive Science, Computer Science, Materials Science"
Bianca Jones Marlin,Neuroscientist,2015,neuroscientist researching the epigenetic mechanisms that enable trauma experienced by parents to be passed on to rodent offspring,"Medicine, Biology, Cognitive Science, Computer Science"
Abigail Marsh,"psychologist, Neuroscientist",1976,"psychologist and neuroscientist, Georgetown University, director of the Laboratory on Social and Affective Neuroscience","Medicine, Earth Science, Biology, Mathematics, Cognitive Science"
Deborah Mash,"neurologist, Urologist",1952,neurologist interested in the addiction-stopping capabilities of ibogaine,"Medicine, Biology, Cognitive Science"
Mara Mather,psychologist,2000,psychologist researching ageing with a focus on the effect of emotion and stress on memory,"Medicine, Cognitive Science"
Helen S. Mayberg,"neurologist, Urologist",1956,neurologist known for delineating abnormal brain function in patients with major depression using functional neuroimaging,"Medicine, Biology, Cognitive Science"
Margaret McCarthy,"Neuroscientist, Pharmacologist",1958,neuroscientist and pharmacologist researching the neuroscience of sex differences,"Medicine, Chemistry, Biology, Cognitive Science"
Susan McConnell,"neurobiologist, biologist",1980,neurobiologist studying the development of neural circuits in the mammalian cerebral cortex,"Medicine, Chemistry, Biology, Cognitive Science"
Louise McCullough,"neurologist, Urologist",2000,neurologist engaged in stroke research,"Medicine, Biology, Cognitive Science"
Ann McKee,neuropathologist,1953,neuropathologist and expert in neurodegenerative disease,"Medicine, Biology, Cognitive Science"
Edith Graef McGeer,Neuroscientist,1923-2023,neuroscientist known for studying the prevention and treatment of Alzheimer's and other neurodegenerative diseases,"Medicine, Biology, Cognitive Science"
BethAnn McLaughlin,"neurologist, Urologist",1968,neurologist researching neural stress responses and brain injury,"Medicine, Biology, Cognitive Science"
Sara Mednick,psychologist,2000,psychologist researching the relationship between napping and performance,"Medicine, Cognitive Science"
Kristina Micheva,Neuroscientist,2010,Bulgarian-American neuroscientist at Stanford University,"Medicine, Biology, Cognitive Science"
Vivienne Ming,Neuroscientist,2000,theoretical neuroscientist and Artificial Intelligence expert,"Medicine, Biology, Cognitive Science"
Nancy Minshew,"Psychiatrist, neurologist, Urologist",2000,"psychiatrist and neurologist known for work on the cognitive, neurological, and genetic bases of autism","Medicine, Biology, Cognitive Science, Computer Science"
Cecilia Moens,Other,,"faculty member at the Fred Hutchinson Cancer Research Center in Seattle,Washington. She uses zebrafish to study vertebrate brain development,",other
Michelle Monje,"neurologist, Urologist",2000,neurologist investigating the molecular mechanisms for neurodevelopment and neuroplasticity,"Medicine, Biology, Cognitive Science"
Lisa Monteggia,Neuroscientist,2000,neuroscientists investigating molecular mechanisms underlying neurotrophin interactions with antidepressants,"Medicine, Biology, Cognitive Science"
Bita Moghaddam,Neuroscientist,"2,000",Iranian-American neuroscientist investigating the neuronal processes underlying emotion and cognition as a first step to designing strategies to treat and prevent brain illnesses,"Medicine, Biology, Cognitive Science"
Lisa Mosconi,Neuroscientist,,Italian American neuroscientist looking at the connections between perimenopause and Alzheimer's disease,"Medicine, Biology, Cognitive Science"
Elly Nedivi,Neuroscientist,1990,neuroscientist known for investigating the molecular mechanisms of neuroplasticity,"Medicine, Biology, Cognitive Science"
Mary Lawson Neff,"neurologist, Urologist",1862-1945,neurologist remembered for investigating the effects of fatigue on mental and emotional health,"Medicine, Biology, Cognitive Science"
Helen Neville,"neurolinguist, Linguist, Neuroscientist",1946-2018,"neuroscientist known for investigating human brain development, including neuroplasticity and neurolinguistics","Medicine, Biology, Cognitive Science"
Sharlene Newman,Neuroscientist,,"cognitive neuroscientists known for her work in neuroimaging,using magnetic resonance imaging techniques to study complex brain function,","Medicine, Biology, Cognitive Science, Computer Science"
Sheila Nirenberg,Neuroscientist,2010,neuroscientist working on neural coding and the development of prosthetic devices able to communicate directly with the brain,"Medicine, Biology, Cognitive Science"
Kimberly Noble,Neuroscientist,2011,neuroscientist and pediatrician researching socioeconomic disparities and children's cognitive development,"Medicine, Biology, Cognitive Science, Environmental Science"
Loraine Obler,Neuroscientist,2010,neuroscientist,"Medicine, Biology, Cognitive Science"
Kathie L. Olsen,Neuroscientist,2000,neuroscientist noted for her work in scientific policy,"Medicine, Biology, Cognitive Science"
Lauren Orefice,Neuroscientist,2016,neuroscientist studying the role of peropheral nerves and sensory hypersensitivity in Autism-like behaviors,"Medicine, Biology, Cognitive Science"
Sarah Pallas,Neuroscientist,2005,neuroscientist known for cross-model plasticity and map compression studies in the visual and auditory cortical pathways,"Medicine, Biology, Cognitive Science, Computer Science"
Audrey S. Penn,"chemist, Biochemist, neurologist, Urologist",1934,neurologist known for research in the biochemistry of muscle weakness in myasthenia gravis,"Medicine, Chemistry, Biology, Cognitive Science"
Susan Perlman,"neurologist, Urologist",1949,neurologist and neurogeneticist investigating Friedreich's ataxia,"Medicine, Biology, Cognitive Science, Computer Science"
Candace Pert,"Neuroscientist, Pharmacologist",1946-2013,"neuroscientist and pharmacologist known for discovering the opiate receptor, the cellular binding site for endorphins in the brain","Medicine, Chemistry, Biology, Cognitive Science"
Laura-Ann Petitto,"neurolinguist, Linguist, Neuroscientist",1954,"cognitive neuroscientist known for her neurolinguistics research, including work on the language capacity of chimpanzees","Medicine, Biology, Cognitive Science"
Marina Picciotto,Neuroscientist,1963,"neuroscientist known for her work on the role of nicotine in addiction, memory, and reward behaviours","Medicine, Biology, Cognitive Science"
Nicole Prause,Neuroscientist,2000,"neuroscientist researching human sexual behaviour, addiction, and the physiology of sexual response","Medicine, Biology, Physics, Cognitive Science"
Caroline Palavicino-Maggio,Neuroscientist,2000,"neuroscientist exploring how gene expression in amine neurons and neural circuits leads to changes in social behavior, specifically aggression, in Drosophila","Medicine, Biology, Cognitive Science"
Gina Poe,Neuroscientist,2000,neuroscientist studying sleep and how neural activity during REM sleep is crucial to memory and learning,"Medicine, Biology, Cognitive Science"
Nicole Prause,Other,1978,neursoscientist researching human sexual behavior,other
Elizabeth Quinlan,professor,2001,professor at the University of Maryland studying how the pasticity of juvenile and adult mammalian visual systems differ,other
Rosa Rademakers,Neuroscientist,2016,neuroscientist researching the genetic basis of neurodegenerative diseases,"Medicine, Biology, Cognitive Science, Computer Science"
Kanaka Rajan,Neuroscientist,2000,neuroscientist researching how the brain processes sensory information,"Medicine, Biology, Cognitive Science, Materials Science"
Priya Rajasethupathy,Neuroscientist,2000,neuroscientist researching memory development over time by observing and manipulating neural circuitry.,"Medicine, Biology, Cognitive Science"
Isabelle Rapin,"neurologist, Urologist",1927-2017,Swiss-American neurologist and paediatrician remembered for her contributions to the understanding of autism and language disorders.,"Medicine, Biology, Cognitive Science"
Judith L. Rapoport,Psychiatrist,1960,"psychiatrist known for studying the clinical phenomenology, neurobiology, and treatment of Childhood Onset Schizophrenia.","Medicine, Chemistry, Biology, Cognitive Science"
Brenda Rapp neuroscientist and editor of Cognitive Neuropsychology,Other,,known for research into written word production and dysgraphia.,other
Linda Restifo,Neuroscientist,1980,neuroscientist studying the changes in brain development leading to cognitive disorders.,"Medicine, Biology, Cognitive Science"
Barbara Rothbaum,psychologist,1990,psychologist and pioneer in the treatment of anxiety-related disorders.,"Medicine, Cognitive Science"
Vanessa Ruta,Neuroscientist,2000,neuroscientist known for investigating chemosensory circuits behind innate and learned behaviours in the fly Drosophila melanogaster.,"Medicine, Chemistry, Biology, Cognitive Science"
Carolyn I. Rodriguez,"Psychiatrist, Neuroscientist",2000,neuroscientist and psychiatrist developing rapid therapies for OCD and hoarding disorder.,"Medicine, Biology, Cognitive Science"
Eleanor Saffran,Neuroscientist,1939-2002,neuroscientist known as a researcher in the field of cognitive neuropsychology,"Medicine, Biology, Cognitive Science"
Miriam Salpeter,professor,1929-2000,professor of neurobiology at Cornell University,"Medicine, Chemistry, Biology, Cognitive Science"
Cara Santa Maria,psychologist,1983,science communicator and psychologist,"Medicine, Cognitive Science"
Rebecca Saxe,Neuroscientist,2000,"cognitive neuroscientist working on theory of mind, the plasticity of the cortex and the neural substrates of empathy, and emotion attribution","Medicine, Biology, Cognitive Science"
Daniela Schiller,Neuroscientist,1972,neuroscientist heading the Affective Neuroscience Lab at the Mount Sinai School of Medicine,"Medicine, Biology, Cognitive Science"
Amita Sehgal,Neuroscientist,1990,cell and molecular neuroscientist working on circadian rhythms and sleep,"Medicine, Biology, Cognitive Science"
Dorothy P. Schafer,"neurobiologist, biologist",2000,neurobiologist focusing on the role of microglia in the development of synapses and brain circuits,"Medicine, Chemistry, Biology, Cognitive Science"
Erin Schuman,"neurobiologist, biologist",1963,"neurobiologist studying neuronal synapses, director of the Max Planck Institute for Brain Research","Medicine, Chemistry, Biology, Cognitive Science"
Nicole Schupf,"Epidemiologist, Neuroscientist, professor",2000,"epidemiologist and neuroscientist, professor at the Gertrude H. Sergievsky Center, Columbia University Faculty of Medicine","Medicine, Biology, Cognitive Science"
Carla J. Shatz,Other,1947,one of the pioneers who determined some of the basic principles of early brain development,other
Anne Schaefer,"Neuroscientist, Immunologist, neuroimmunologist",2000,neuroscientist and neuroimmunologist who investigates the epigenetic mechanisms of cellular plasticity and their role in the regulation of microglia-neuron interactions,"Medicine, Biology, Cognitive Science, Computer Science"
Erin M. Schuman,"neurobiologist, biologist",1963,neurobiologist studying neuronal synapses,"Medicine, Chemistry, Biology, Cognitive Science"
Rosalind A. Segal,"neurobiologist, biologist",1958,neurobiologist studying the how disruption of the mammalian brain leads to the formation of brain malignancies,"Medicine, Chemistry, Biology, Cognitive Science, Materials Science"
Maryam Shanechi,neuroengineer,1981,"Iranian-American neuroengineer, studying decoding of the brain's activity to control brain-machine interfaces","Medicine, Engineering, Biology, Cognitive Science, Environmental Science"
Carla J. Shatz,"neurobiologist, biologist",1947,early female neurobiologist who determined some of the basic principles of brain development,"Medicine, Chemistry, Biology, Cognitive Science"
Pamela Sklar,"Psychiatrist, Neuroscientist",1959-2017,psychiatrist and neuroscientist known for large-scale gene discovery studies in bipolar disorder and schizophrenia,"Medicine, Biology, Cognitive Science"
Esther Somerfeld-Ziskind,"Psychiatrist, neurologist, Urologist",1901-2002,"neurologist and psychiatrist known for pioneering research into the use of insulin, lithium, and electroconvulsive therapy for treating psychiatric disorders","Medicine, Engineering, Biology, Physics, Cognitive Science"
Tara Spires-Jones,Neuroscientist,2000,neuroscientist focusing on the degeneration of synapse connections between neuronal braincells in Alzheimer's disease,"Medicine, Biology, Cognitive Science"
Beth Stevens,Neuroscientist,1970,neuroscientist known for work on the role of microglia and complement proteins in the removal of synaptic cells during brain development,"Medicine, Biology, Cognitive Science, Computer Science"
Lisa Stowers,Neuroscientist,2004,neuroscientist at Scripps Research studying pheromone signaling and response,"Medicine, Biology, Cognitive Science"
Carsen Stringer,Neuroscientist,2000,computational neuroscientist and Group Leader at the Howard Hughes Medical Institute Janelia Research Campus. Stringer uses machine learning and deep neural networks to visualize large scale neural recordings and then probe the neural computations that give rise to visual processing in mice,"Medicine, Biology, Cognitive Science, Computer Science, Environmental Science"
Wendy Suzuki,Neuroscientist,1990,neuroscientist researching neuroplasticity and how the brain is able to change and adapt over the course of a person's life,"Medicine, Biology, Cognitive Science"
Susan Swedo,Neuroscientist,,neuroscientist conducting research on the causes and treatment of pediatric neuropsychiatric disorders,"Medicine, Biology, Cognitive Science"
Viviane Tabar,"surgeon, neurosurgeon",2000,neurosurgeon researching stem cell biology and strategies for cell-based therapies for the repair of radiation-induced brain injury,"Medicine, Earth Science, Chemistry, Biology, Mathematics, Cognitive Science"
Paula Tallal,Neuroscientist,1947,neuroscientist researching dyslexia and other word encoding disorders,"Medicine, Biology, Cognitive Science"
Carol Tamminga,"Psychiatrist, Neuroscientist",2000,"psychiatrist and neuroscientist focusing on treating psychotic illnesses, such as schizophrenia, psychotic bipolar disorder, and schizoaffective disorder","Medicine, Biology, Cognitive Science"
Jill Bolte Taylor,anatomist,1959,neuroanatomist who wrote My Stroke of Insight,"Medicine, Biology, Cognitive Science"
Sally Temple,Neuroscientist,2000,"neuroscientist focusing on neural stem cells and therapies related to eye, brain, and spinal cord disorders","Medicine, Biology, Cognitive Science"
Sujata Tewari,Neuroscientist,1938-2000,Indian-American neuroscientist known for her work demonstrating that chronic alcohol consumption inhibits protein metabolism in the brains of mice,"Medicine, Biology, Cognitive Science"
Jean H. Thurston,"neurologist, Urologist",1917-2017,neurologist known for her research on seizure disorders,"Medicine, Biology, Cognitive Science"
Doris Tsao,Neuroscientist,2000,systems neuroscientist known for pioneering fMRI with single-unit electrophysiological recordings and for discovering the macaque face patch system for face perception,"Medicine, Engineering, Biology, Physics, Cognitive Science, Environmental Science"
Gina G. Turrigiano,Neuroscientist,1990,neuroscientist researching cortical networks and stromograstic network function,"Medicine, Biology, Cognitive Science, Computer Science"
Kay Tye,Neuroscientist,1981,"neuroscientist focusing on optogenetics for identifying connections in the brain involved in innate emotion, motivation and social behaviours","Medicine, Biology, Cognitive Science, Computer Science"
MalÃÂÃÂÃÂÃÂÃÂÃÂÃÂÃÂÃÂÃÂÃÂÃÂÃÂÃÂÃÂÃÂÃÂÃÂÃÂÃÂÃÂÃÂÃÂÃÂÃÂÃÂÃÂÃÂÃÂÃÂÃÂÃÂº G. Tansey,Neuroscientist,,is a neuroscientist investigating the role of neuroimmune interactions in the development and progression of neurodegenerative and neuropsychiatric disease.,"Medicine, Biology, Cognitive Science"
Lucina Uddin,Neuroscientist,2000,cognitive neuroscientist researching the relationship between brain connectivity and cognition in typical and atypical development using network neuroscience approaches.,"Medicine, Biology, Cognitive Science, Computer Science"
Leslie Ungerleider,"psychologist, Neuroscientist",1946,experimental psychologist and neuroscientist known for introducing the concepts of the dorsal and ventral streams,"Medicine, Biology, Cognitive Science"
Ashley Van Zeeland,Neuroscientist,1982,"neuroscientist focusing on genomics, genetics, and biotechnology in the fields of autism and anorexia nervosa","Medicine, Chemistry, Biology, Cognitive Science, Computer Science"
Joan Venes,"surgeon, neurosurgeon",1935-2010,neurosurgeon known for helping to develop the practice of neurosurgery in children,"Medicine, Earth Science, Biology, Mathematics, Cognitive Science"
Nora Volkow,"Psychiatrist, Neuroscientist",1956,Mexican-American psychiatrist and neuroscientist conducting imaging studies of the brains of people addicted to drugs,"Medicine, Biology, Cognitive Science"
Leslie B. Vosshall,"neurobiologist, biologist",1965,"neurobiologist known for contributions to olfaction, particularly the discovery and characterization of the insect olfactory receptor family","Medicine, Chemistry, Biology, Cognitive Science"
Joni Wallis,physiologist,1990,neurophysiologist investigating how the frontal cortex of the brain is functionally organized to help people set and attain goals at the level of single neurons,"Medicine, Chemistry, Biology, Physics, Cognitive Science"
Judith R. Walters,"neuropharmacologist, Pharmacologist",2000,neuropharmacologist at the National Institute of Neurological Disorders and Stroke,"Medicine, Chemistry, Biology, Cognitive Science"
Jade Wang,Neuroscientist,1983,computer programmer and neuroscientist known as co-founder of the open source project Sandstorm,"Medicine, Engineering, Biology, Cognitive Science, Computer Science"
Kate Wassum,"Neuroscientist, professor",2000,"neuroscientist and professor of behavioral neuroscience at the University of California, Los Angeles","Medicine, Biology, Cognitive Science"
Nicole Weekes,"psychologist, Neuroscientist",2001,psychologist and neuroscientist studying the psychological and biological response to stress,"Medicine, Chemistry, Biology, Cognitive Science"
Stephanie A. White,Neuroscientist,2000,neuroscientist studying how social interactions impact the brain,"Medicine, Biology, Cognitive Science"
Heather Williams,ornithologist,1955,ornithologist known for her book Behavioral neurobiology of birdsong,"Medicine, Chemistry, Biology, Cognitive Science"
Rachel Wilson,"neurobiologist, biologist",2000,"neurobiologist working in the fields of electrophysiology, neuropharmacology, molecular genetics and functional anatomy","Medicine, Engineering, Chemistry, Biology, Physics, Cognitive Science, Computer Science"
Shari Wiseman,Neuroscientist,2017,"neuroscientist, editor-in-chief of Nature Neuroscience","Medicine, Biology, Cognitive Science"
Ilana B. Witten,Other,2000,"studies the midbrain dopaminergic reward circuitry, with a focus on the striatal neural circuit mechanisms driving reward learning and decision making",other
Marina Wolf,Neuroscientist,1998,neuroscientist studying the role of neuronal pasticity in drug addiction,"Medicine, Biology, Cognitive Science"
Rachel Wong,professor,,"professor at University of Washington interested in neural circuit assembly in development,circuit disassembly in degeneration and circuit reassembly upon cellular regeneration whose urrent studies are based on the vertebrate retina of mice,human and non-human primates","Medicine, Materials Science"
Teresa Wood,Neuroscientist,2019,"neuroscientist, Fellow of the American Association for the Advancement of Science","Medicine, Biology, Cognitive Science"
Catherine Woolley,Other,1965,neuroendocrinologist studying cellular and molecular neuroscience in relation to the brain and behaviour,"Medicine, Biology, Cognitive Science"
Sarah M. N. Woolley,Neuroscientist,2000,"neuroscientist studying the neuroscience of communication, using songbirds to understand how the brain learns and understands vocal communication","Medicine, Biology, Cognitive Science"
Anne B. Young,"physician, Neuroscientist",1970,"physician and neuroscientist working on neurodegenerative diseases, including Huntington's disease and Parkinson's disease","Medicine, Biology, Physics, Cognitive Science"
Deborah Yurgelun-Todd,"neuropsychologist, psychologist",2017,"neuropsychologist, director of the University pf Utah's Neuroscience Initiative","Medicine, Biology, Cognitive Science"
Phyllis Zee,"neurologist, Urologist",2000,neurologist researching basic and translational sleep and circadian rhythm,"Medicine, Biology, Cognitive Science"
Hongkui Zeng,Other,2006,"director of the Allen Institute for Brain Science, Seattle",other
Huda Zoghbi,Other,1954,Lebanese-born American geneticist currently studying MECP2 and discovering that overexpressing the protein in mice led to an autism-like neurological disorder,"Medicine, Biology, Cognitive Science, Computer Science"
Suzanne Zukin,Neuroscientist,2009,"neuroscientist, studying glutamate receptors","Medicine, Biology, Cognitive Science, Materials Science"
Gladys Maestre,Neuroscientist,2000,"neuroscientist, University of Texas, known for work on Alzheimer's disease and dementia","Medicine, Biology, Cognitive Science"
